dataset,split,n,invalid,missing_y,duplicate_canonical,empty_scaffold,canonical_overlap,scaffold_overlap,nonempty_scaffold_overlap
caco2_wang,train_val,728,0,0,3,25,,,
caco2_wang,test,182,0,0,1,0,0.0,0.0,0.0
hia_hou,train_val,461,0,0,0,0,,,
hia_hou,test,117,0,0,0,19,0.0,0.0,0.0
pgp_broccatelli,train_val,973,0,0,6,0,,,
pgp_broccatelli,test,245,0,0,0,19,0.0,0.0,0.0
bioavailability_ma,train_val,512,0,0,0,17,,,
bioavailability_ma,test,128,0,0,0,0,0.0,0.0,0.0
lipophilicity_astrazeneca,train_val,3360,0,0,0,5,,,
lipophilicity_astrazeneca,test,840,0,0,0,0,0.0,0.0,0.0
solubility_aqsoldb,train_val,7985,0,0,0,2940,,,
solubility_aqsoldb,test,1997,2,0,0,0,0.0,0.0,0.0
bbb_martins,train_val,1624,0,0,43,0,,,
bbb_martins,test,406,0,0,12,99,0.0,0.0,0.0
ppbr_az,train_val,2231,0,0,777,5,,,
ppbr_az,test,559,0,0,216,0,0.0,0.0,0.0
vdss_lombardo,train_val,904,0,0,14,0,,,
vdss_lombardo,test,226,0,0,5,38,0.0,0.0,0.0
cyp2d6_veith,train_val,10504,0,0,0,0,,,
cyp2d6_veith,test,2626,0,0,0,273,0.0,0.0,0.0
cyp3a4_veith,train_val,9861,0,0,0,277,,,
cyp3a4_veith,test,2467,0,0,0,0,0.0,0.0,0.0
cyp2c9_veith,train_val,9673,0,0,0,0,,,
cyp2c9_veith,test,2419,0,0,0,270,0.0,0.0,0.0
cyp2d6_substrate_carbonmangels,train_val,532,0,0,2,21,,,
cyp2d6_substrate_carbonmangels,test,135,0,0,1,0,0.0,0.0,0.0
cyp3a4_substrate_carbonmangels,train_val,535,0,0,2,21,,,
cyp3a4_substrate_carbonmangels,test,135,0,0,1,0,0.0,0.0,0.0
cyp2c9_substrate_carbonmangels,train_val,534,0,0,3,21,,,
cyp2c9_substrate_carbonmangels,test,135,0,0,0,0,0.0,0.0,0.0
half_life_obach,train_val,532,0,0,1,15,,,
half_life_obach,test,135,0,0,1,0,0.0,0.0,0.0
clearance_microsome_az,train_val,881,0,0,0,0,,,
clearance_microsome_az,test,221,0,0,0,1,0.0,0.0,0.0
clearance_hepatocyte_az,train_val,970,0,0,153,0,,,
clearance_hepatocyte_az,test,243,0,0,40,4,0.0,0.0,0.0
herg,train_val,523,0,0,3,18,,,
herg,test,132,0,0,4,0,0.0,0.0,0.0
ames,train_val,5821,0,0,19,1268,,,
ames,test,1457,0,0,4,0,0.0,0.0,0.0
dili,train_val,379,0,0,0,35,,,
dili,test,96,0,0,0,0,0.0,0.0,0.0
ld50_zhu,train_val,5907,0,0,31,1937,,,
ld50_zhu,test,1478,0,0,12,0,0.0,0.0,0.0
