run_id,seed,policy,dataset,step,x_index,y,mlflow_run_id,ts,seconds
solubility_aqsoldb-1000-median-valid,1000,median,solubility_aqsoldb,0,-1,2.226088888261802,,2026-10-04T00:40:59Z,0.0063535829976899
solubility_aqsoldb-1000-morgan-valid,1000,morgan,solubility_aqsoldb,0,-1,1.537137761109486,,2026-10-04T00:40:59Z,0.2826277920030406
solubility_aqsoldb-1000-descriptors-valid,1000,descriptors,solubility_aqsoldb,0,-1,1.106657594766446,,2026-10-04T00:41:00Z,0.1235886249996838
solubility_aqsoldb-1000-combined-valid,1000,combined,solubility_aqsoldb,0,-1,1.0650355094863664,,2026-10-04T00:41:00Z,0.289103957999032
solubility_aqsoldb-1000-shuffled-valid,1000,shuffled,solubility_aqsoldb,0,-1,2.481781254920437,,2026-10-04T00:41:00Z,0.2781716250028694
solubility_aqsoldb-1001-median-valid,1001,median,solubility_aqsoldb,0,-1,1.8641599336791292,,2026-10-04T00:41:01Z,0.0003754579956876
solubility_aqsoldb-1001-morgan-valid,1001,morgan,solubility_aqsoldb,0,-1,1.2489657321871726,,2026-10-04T00:41:01Z,0.2887560419985675
solubility_aqsoldb-1001-descriptors-valid,1001,descriptors,solubility_aqsoldb,0,-1,0.8846267252703828,,2026-10-04T00:41:01Z,0.1241282499977387
solubility_aqsoldb-1001-combined-valid,1001,combined,solubility_aqsoldb,0,-1,0.8327987367783407,,2026-10-04T00:41:01Z,0.314649375002773
solubility_aqsoldb-1001-shuffled-valid,1001,shuffled,solubility_aqsoldb,0,-1,1.8041536777590697,,2026-10-04T00:41:02Z,0.2848386249970644
solubility_aqsoldb-1002-median-valid,1002,median,solubility_aqsoldb,0,-1,2.11561350577057,,2026-10-04T00:41:02Z,0.0003704580012708
solubility_aqsoldb-1002-morgan-valid,1002,morgan,solubility_aqsoldb,0,-1,1.3194227969697376,,2026-10-04T00:41:02Z,0.2853395839993027
solubility_aqsoldb-1002-descriptors-valid,1002,descriptors,solubility_aqsoldb,0,-1,0.8834287489580144,,2026-10-04T00:41:03Z,0.1251762920001056
solubility_aqsoldb-1002-combined-valid,1002,combined,solubility_aqsoldb,0,-1,0.868052838392469,,2026-10-04T00:41:03Z,0.315943250003329
solubility_aqsoldb-1002-shuffled-valid,1002,shuffled,solubility_aqsoldb,0,-1,2.0839646115852153,,2026-10-04T00:41:03Z,0.2827106659970013
solubility_aqsoldb-1003-median-valid,1003,median,solubility_aqsoldb,0,-1,2.226088888261802,,2026-10-04T00:41:04Z,0.0003537500015227
solubility_aqsoldb-1003-morgan-valid,1003,morgan,solubility_aqsoldb,0,-1,1.537137761109486,,2026-10-04T00:41:04Z,0.2719798340040142
solubility_aqsoldb-1003-descriptors-valid,1003,descriptors,solubility_aqsoldb,0,-1,1.106657594766446,,2026-10-04T00:41:04Z,0.1215049160018679
solubility_aqsoldb-1003-combined-valid,1003,combined,solubility_aqsoldb,0,-1,1.0650355094863664,,2026-10-04T00:41:04Z,0.2868645410053432
solubility_aqsoldb-1003-shuffled-valid,1003,shuffled,solubility_aqsoldb,0,-1,2.4207498331684776,,2026-10-04T00:41:04Z,0.2628454169971519
solubility_aqsoldb-1004-median-valid,1004,median,solubility_aqsoldb,0,-1,2.226088888261802,,2026-10-04T00:41:05Z,0.0003559580000001
solubility_aqsoldb-1004-morgan-valid,1004,morgan,solubility_aqsoldb,0,-1,1.537137761109486,,2026-10-04T00:41:05Z,0.2707424999971408
solubility_aqsoldb-1004-descriptors-valid,1004,descriptors,solubility_aqsoldb,0,-1,1.106657594766446,,2026-10-04T00:41:05Z,0.1223286250024102
solubility_aqsoldb-1004-combined-valid,1004,combined,solubility_aqsoldb,0,-1,1.0650355094863664,,2026-10-04T00:41:06Z,0.2898636250029085
solubility_aqsoldb-1004-shuffled-valid,1004,shuffled,solubility_aqsoldb,0,-1,2.3890546548284473,,2026-10-04T00:41:06Z,0.2846550000031129
solubility_aqsoldb-1005-median-valid,1005,median,solubility_aqsoldb,0,-1,1.8756648127194195,,2026-10-04T00:41:06Z,0.0004037499966216
solubility_aqsoldb-1005-morgan-valid,1005,morgan,solubility_aqsoldb,0,-1,1.2749724037353078,,2026-10-04T00:41:07Z,0.3000399160009692
solubility_aqsoldb-1005-descriptors-valid,1005,descriptors,solubility_aqsoldb,0,-1,0.8381603540241268,,2026-10-04T00:41:07Z,0.1252537089967518
solubility_aqsoldb-1005-combined-valid,1005,combined,solubility_aqsoldb,0,-1,0.7820906087618378,,2026-10-04T00:41:07Z,0.3260217499991995
solubility_aqsoldb-1005-shuffled-valid,1005,shuffled,solubility_aqsoldb,0,-1,1.9153595074132548,,2026-10-04T00:41:07Z,0.2859034159992006
solubility_aqsoldb-1006-median-valid,1006,median,solubility_aqsoldb,0,-1,2.226088888261802,,2026-10-04T00:41:08Z,0.000353957999323
solubility_aqsoldb-1006-morgan-valid,1006,morgan,solubility_aqsoldb,0,-1,1.537137761109486,,2026-10-04T00:41:08Z,0.2777482079982292
solubility_aqsoldb-1006-descriptors-valid,1006,descriptors,solubility_aqsoldb,0,-1,1.106657594766446,,2026-10-04T00:41:08Z,0.1237423340062378
solubility_aqsoldb-1006-combined-valid,1006,combined,solubility_aqsoldb,0,-1,1.0650355094863664,,2026-10-04T00:41:09Z,0.2922500839995336
solubility_aqsoldb-1006-shuffled-valid,1006,shuffled,solubility_aqsoldb,0,-1,2.364877287567575,,2026-10-04T00:41:09Z,0.2636213750010938
solubility_aqsoldb-1007-median-valid,1007,median,solubility_aqsoldb,0,-1,2.0128226946090093,,2026-10-04T00:41:09Z,0.0003832500005955
solubility_aqsoldb-1007-morgan-valid,1007,morgan,solubility_aqsoldb,0,-1,1.2618925533908771,,2026-10-04T00:41:10Z,0.2909770000042044
solubility_aqsoldb-1007-descriptors-valid,1007,descriptors,solubility_aqsoldb,0,-1,0.9275188145000024,,2026-10-04T00:41:10Z,0.1278390840016072
solubility_aqsoldb-1007-combined-valid,1007,combined,solubility_aqsoldb,0,-1,0.8871399002317508,,2026-10-04T00:41:10Z,0.3241327079958864
solubility_aqsoldb-1007-shuffled-valid,1007,shuffled,solubility_aqsoldb,0,-1,1.982214935271218,,2026-10-04T00:41:10Z,0.3152425830048742
solubility_aqsoldb-1008-median-valid,1008,median,solubility_aqsoldb,0,-1,2.226088888261802,,2026-10-04T00:41:11Z,0.0003898329960065
solubility_aqsoldb-1008-morgan-valid,1008,morgan,solubility_aqsoldb,0,-1,1.537137761109486,,2026-10-04T00:41:11Z,0.2761939999982132
solubility_aqsoldb-1008-descriptors-valid,1008,descriptors,solubility_aqsoldb,0,-1,1.106657594766446,,2026-10-04T00:41:11Z,0.1231156249996274
solubility_aqsoldb-1008-combined-valid,1008,combined,solubility_aqsoldb,0,-1,1.0650355094863664,,2026-10-04T00:41:12Z,0.2879139159995247
solubility_aqsoldb-1008-shuffled-valid,1008,shuffled,solubility_aqsoldb,0,-1,2.3432937093062622,,2026-10-04T00:41:12Z,0.2624929169978713
solubility_aqsoldb-1009-median-valid,1009,median,solubility_aqsoldb,0,-1,1.927343215684034,,2026-10-04T00:41:12Z,0.0003867920022457
solubility_aqsoldb-1009-morgan-valid,1009,morgan,solubility_aqsoldb,0,-1,1.2513149729767858,,2026-10-04T00:41:13Z,0.2875452079970273
solubility_aqsoldb-1009-descriptors-valid,1009,descriptors,solubility_aqsoldb,0,-1,0.9194029466347426,,2026-10-04T00:41:13Z,0.1291404590010643
solubility_aqsoldb-1009-combined-valid,1009,combined,solubility_aqsoldb,0,-1,0.880532418371046,,2026-10-04T00:41:13Z,0.3168198749990552
solubility_aqsoldb-1009-shuffled-valid,1009,shuffled,solubility_aqsoldb,0,-1,1.899195390788462,,2026-10-04T00:41:13Z,0.2845105420055915
solubility_aqsoldb-1010-median-valid,1010,median,solubility_aqsoldb,0,-1,1.1513327016294352,,2026-10-04T00:41:14Z,0.0004113340037292
solubility_aqsoldb-1010-morgan-valid,1010,morgan,solubility_aqsoldb,0,-1,1.5769298418245363,,2026-10-04T00:41:14Z,0.2831108330065035
solubility_aqsoldb-1010-descriptors-valid,1010,descriptors,solubility_aqsoldb,0,-1,0.7075180768589168,,2026-10-04T00:41:14Z,0.1297271250004996
solubility_aqsoldb-1010-combined-valid,1010,combined,solubility_aqsoldb,0,-1,0.6603279621854711,,2026-10-04T00:41:14Z,0.3103978330036625
solubility_aqsoldb-1010-shuffled-valid,1010,shuffled,solubility_aqsoldb,0,-1,1.2485707518225937,,2026-10-04T00:41:15Z,0.2799906660002307
solubility_aqsoldb-1011-median-valid,1011,median,solubility_aqsoldb,0,-1,2.226088888261802,,2026-10-04T00:41:15Z,0.0003663329989649
solubility_aqsoldb-1011-morgan-valid,1011,morgan,solubility_aqsoldb,0,-1,1.537137761109486,,2026-10-04T00:41:15Z,0.2732910419945256
solubility_aqsoldb-1011-descriptors-valid,1011,descriptors,solubility_aqsoldb,0,-1,1.106657594766446,,2026-10-04T00:41:16Z,0.1207449580033426
solubility_aqsoldb-1011-combined-valid,1011,combined,solubility_aqsoldb,0,-1,1.0650355094863664,,2026-10-04T00:41:16Z,0.2889054159968509
solubility_aqsoldb-1011-shuffled-valid,1011,shuffled,solubility_aqsoldb,0,-1,2.4207530990388557,,2026-10-04T00:41:16Z,0.261845249995531
solubility_aqsoldb-1012-median-valid,1012,median,solubility_aqsoldb,0,-1,2.4780573643184183,,2026-10-04T00:41:17Z,0.0003737079969141
solubility_aqsoldb-1012-morgan-valid,1012,morgan,solubility_aqsoldb,0,-1,1.492926863514497,,2026-10-04T00:41:17Z,0.2908776670010411
solubility_aqsoldb-1012-descriptors-valid,1012,descriptors,solubility_aqsoldb,0,-1,0.8097475836816957,,2026-10-04T00:41:17Z,0.1258488750027027
solubility_aqsoldb-1012-combined-valid,1012,combined,solubility_aqsoldb,0,-1,0.869325138954376,,2026-10-04T00:41:17Z,0.3202261250044103
solubility_aqsoldb-1012-shuffled-valid,1012,shuffled,solubility_aqsoldb,0,-1,2.435765641773397,,2026-10-04T00:41:18Z,0.2892797910026274
solubility_aqsoldb-1013-median-valid,1013,median,solubility_aqsoldb,0,-1,1.1513327016294352,,2026-10-04T00:41:18Z,0.0003801250059041
solubility_aqsoldb-1013-morgan-valid,1013,morgan,solubility_aqsoldb,0,-1,1.5769298418245363,,2026-10-04T00:41:18Z,0.2822466249999706
solubility_aqsoldb-1013-descriptors-valid,1013,descriptors,solubility_aqsoldb,0,-1,0.7075180768589168,,2026-10-04T00:41:18Z,0.1299812079960247
solubility_aqsoldb-1013-combined-valid,1013,combined,solubility_aqsoldb,0,-1,0.6603279621854711,,2026-10-04T00:41:19Z,0.3078987499975483
solubility_aqsoldb-1013-shuffled-valid,1013,shuffled,solubility_aqsoldb,0,-1,1.2844060991194193,,2026-10-04T00:41:19Z,0.2790326249960344
solubility_aqsoldb-1014-median-valid,1014,median,solubility_aqsoldb,0,-1,1.1513327016294352,,2026-10-04T00:41:20Z,0.0003572920031729
solubility_aqsoldb-1014-morgan-valid,1014,morgan,solubility_aqsoldb,0,-1,1.5769298418245363,,2026-10-04T00:41:20Z,0.2795944579993374
solubility_aqsoldb-1014-descriptors-valid,1014,descriptors,solubility_aqsoldb,0,-1,0.7075180768589168,,2026-10-04T00:41:20Z,0.1281759589983266
solubility_aqsoldb-1014-combined-valid,1014,combined,solubility_aqsoldb,0,-1,0.6603279621854711,,2026-10-04T00:41:20Z,0.3069405419955728
solubility_aqsoldb-1014-shuffled-valid,1014,shuffled,solubility_aqsoldb,0,-1,1.2451401432780036,,2026-10-04T00:41:21Z,0.2764897500019287
solubility_aqsoldb-1015-median-valid,1015,median,solubility_aqsoldb,0,-1,2.226088888261802,,2026-10-04T00:41:21Z,0.0003461250016698
solubility_aqsoldb-1015-morgan-valid,1015,morgan,solubility_aqsoldb,0,-1,1.537137761109486,,2026-10-04T00:41:21Z,0.2751871670043329
solubility_aqsoldb-1015-descriptors-valid,1015,descriptors,solubility_aqsoldb,0,-1,1.106657594766446,,2026-10-04T00:41:21Z,0.124813707996509
solubility_aqsoldb-1015-combined-valid,1015,combined,solubility_aqsoldb,0,-1,1.0650355094863664,,2026-10-04T00:41:22Z,0.2905643329941085
solubility_aqsoldb-1015-shuffled-valid,1015,shuffled,solubility_aqsoldb,0,-1,2.3646105698361137,,2026-10-04T00:41:22Z,0.261710791994119
solubility_aqsoldb-1016-median-valid,1016,median,solubility_aqsoldb,0,-1,1.1513327016294352,,2026-10-04T00:41:22Z,0.0003609580016927
solubility_aqsoldb-1016-morgan-valid,1016,morgan,solubility_aqsoldb,0,-1,1.5769298418245363,,2026-10-04T00:41:23Z,0.2819007080033771
solubility_aqsoldb-1016-descriptors-valid,1016,descriptors,solubility_aqsoldb,0,-1,0.7075180768589168,,2026-10-04T00:41:23Z,0.1287648750003427
solubility_aqsoldb-1016-combined-valid,1016,combined,solubility_aqsoldb,0,-1,0.6603279621854711,,2026-10-04T00:41:23Z,0.3071145830035675
solubility_aqsoldb-1016-shuffled-valid,1016,shuffled,solubility_aqsoldb,0,-1,1.236966212458188,,2026-10-04T00:41:23Z,0.2769005419977475
solubility_aqsoldb-1017-median-valid,1017,median,solubility_aqsoldb,0,-1,1.9133798349176177,,2026-10-04T00:41:24Z,0.0003477499994914
solubility_aqsoldb-1017-morgan-valid,1017,morgan,solubility_aqsoldb,0,-1,1.2117300751188227,,2026-10-04T00:41:24Z,0.2903828749986132
solubility_aqsoldb-1017-descriptors-valid,1017,descriptors,solubility_aqsoldb,0,-1,0.9545413446394112,,2026-10-04T00:41:24Z,0.1280844169959891
solubility_aqsoldb-1017-combined-valid,1017,combined,solubility_aqsoldb,0,-1,0.8908840256579581,,2026-10-04T00:41:25Z,0.3196789590001572
solubility_aqsoldb-1017-shuffled-valid,1017,shuffled,solubility_aqsoldb,0,-1,1.8901362408047917,,2026-10-04T00:41:25Z,0.2877564590016845
solubility_aqsoldb-1018-median-valid,1018,median,solubility_aqsoldb,0,-1,2.226088888261802,,2026-10-04T00:41:25Z,0.0003568329993868
solubility_aqsoldb-1018-morgan-valid,1018,morgan,solubility_aqsoldb,0,-1,1.537137761109486,,2026-10-04T00:41:26Z,0.2760415829980047
solubility_aqsoldb-1018-descriptors-valid,1018,descriptors,solubility_aqsoldb,0,-1,1.106657594766446,,2026-10-04T00:41:26Z,0.1237379589947522
solubility_aqsoldb-1018-combined-valid,1018,combined,solubility_aqsoldb,0,-1,1.0650355094863664,,2026-10-04T00:41:26Z,0.2911948749970179
solubility_aqsoldb-1018-shuffled-valid,1018,shuffled,solubility_aqsoldb,0,-1,2.3641133874725955,,2026-10-04T00:41:26Z,0.2606943330029025
solubility_aqsoldb-1019-median-valid,1019,median,solubility_aqsoldb,0,-1,1.9306979551486487,,2026-10-04T00:41:27Z,0.0003855830000247
solubility_aqsoldb-1019-morgan-valid,1019,morgan,solubility_aqsoldb,0,-1,1.3296263604507,,2026-10-04T00:41:27Z,0.292396708005981
solubility_aqsoldb-1019-descriptors-valid,1019,descriptors,solubility_aqsoldb,0,-1,0.957226568517689,,2026-10-04T00:41:27Z,0.1292792920066858
solubility_aqsoldb-1019-combined-valid,1019,combined,solubility_aqsoldb,0,-1,0.91416685768345,,2026-10-04T00:41:27Z,0.3231605409964686
solubility_aqsoldb-1019-shuffled-valid,1019,shuffled,solubility_aqsoldb,0,-1,1.882294201600745,,2026-10-04T00:41:28Z,0.293115749998833
lipophilicity_astrazeneca-1000-median-valid,1000,median,lipophilicity_astrazeneca,0,-1,1.0143809523809524,,2026-10-04T00:41:32Z,0.0003436249971855
lipophilicity_astrazeneca-1000-morgan-valid,1000,morgan,lipophilicity_astrazeneca,0,-1,0.744722094928833,,2026-10-04T00:41:32Z,0.2449634579970734
lipophilicity_astrazeneca-1000-descriptors-valid,1000,descriptors,lipophilicity_astrazeneca,0,-1,0.8181136714329288,,2026-10-04T00:41:32Z,0.1008666669949889
lipophilicity_astrazeneca-1000-combined-valid,1000,combined,lipophilicity_astrazeneca,0,-1,0.6130422918560812,,2026-10-04T00:41:33Z,0.2640952090005157
lipophilicity_astrazeneca-1000-shuffled-valid,1000,shuffled,lipophilicity_astrazeneca,0,-1,1.079419865974372,,2026-10-04T00:41:33Z,0.2363915829992038
lipophilicity_astrazeneca-1001-median-valid,1001,median,lipophilicity_astrazeneca,0,-1,0.9270476190476192,,2026-10-04T00:41:33Z,0.0003539589961292
lipophilicity_astrazeneca-1001-morgan-valid,1001,morgan,lipophilicity_astrazeneca,0,-1,0.7361971859693831,,2026-10-04T00:41:34Z,0.2356565419977414
lipophilicity_astrazeneca-1001-descriptors-valid,1001,descriptors,lipophilicity_astrazeneca,0,-1,0.7076751091784966,,2026-10-04T00:41:34Z,0.0991972080009873
lipophilicity_astrazeneca-1001-combined-valid,1001,combined,lipophilicity_astrazeneca,0,-1,0.626725180255873,,2026-10-04T00:41:34Z,0.2473630829990725
lipophilicity_astrazeneca-1001-shuffled-valid,1001,shuffled,lipophilicity_astrazeneca,0,-1,0.9414986401961792,,2026-10-04T00:41:34Z,0.2285479170022881
lipophilicity_astrazeneca-1002-median-valid,1002,median,lipophilicity_astrazeneca,0,-1,1.0061190476190476,,2026-10-04T00:41:35Z,0.000351499998942
lipophilicity_astrazeneca-1002-morgan-valid,1002,morgan,lipophilicity_astrazeneca,0,-1,0.7179517650946344,,2026-10-04T00:41:35Z,0.2416699579989654
lipophilicity_astrazeneca-1002-descriptors-valid,1002,descriptors,lipophilicity_astrazeneca,0,-1,0.6984202817763175,,2026-10-04T00:41:35Z,0.1007533749943832
lipophilicity_astrazeneca-1002-combined-valid,1002,combined,lipophilicity_astrazeneca,0,-1,0.5470141729733606,,2026-10-04T00:41:35Z,0.2620389589937986
lipophilicity_astrazeneca-1002-shuffled-valid,1002,shuffled,lipophilicity_astrazeneca,0,-1,0.9831326429498152,,2026-10-04T00:41:35Z,0.2417816249944735
lipophilicity_astrazeneca-1003-median-valid,1003,median,lipophilicity_astrazeneca,0,-1,1.0965,,2026-10-04T00:41:36Z,0.0003301249962532
lipophilicity_astrazeneca-1003-morgan-valid,1003,morgan,lipophilicity_astrazeneca,0,-1,0.7951448027584936,,2026-10-04T00:41:36Z,0.2402504999990924
lipophilicity_astrazeneca-1003-descriptors-valid,1003,descriptors,lipophilicity_astrazeneca,0,-1,0.8063930473042132,,2026-10-04T00:41:36Z,0.1008681249950314
lipophilicity_astrazeneca-1003-combined-valid,1003,combined,lipophilicity_astrazeneca,0,-1,0.6282732771388179,,2026-10-04T00:41:36Z,0.2601186250030878
lipophilicity_astrazeneca-1003-shuffled-valid,1003,shuffled,lipophilicity_astrazeneca,0,-1,1.0662451490159448,,2026-10-04T00:41:37Z,0.2369528339986573
lipophilicity_astrazeneca-1004-median-valid,1004,median,lipophilicity_astrazeneca,0,-1,1.1252857142857142,,2026-10-04T00:41:37Z,0.0003272079993621
lipophilicity_astrazeneca-1004-morgan-valid,1004,morgan,lipophilicity_astrazeneca,0,-1,0.7964342966751057,,2026-10-04T00:41:37Z,0.239522333999048
lipophilicity_astrazeneca-1004-descriptors-valid,1004,descriptors,lipophilicity_astrazeneca,0,-1,0.8532929034885082,,2026-10-04T00:41:37Z,0.1008557919994928
lipophilicity_astrazeneca-1004-combined-valid,1004,combined,lipophilicity_astrazeneca,0,-1,0.6465377133747499,,2026-10-04T00:41:38Z,0.2588411249962519
lipophilicity_astrazeneca-1004-shuffled-valid,1004,shuffled,lipophilicity_astrazeneca,0,-1,1.1476452069554093,,2026-10-04T00:41:38Z,0.2407746669996413
lipophilicity_astrazeneca-1005-median-valid,1005,median,lipophilicity_astrazeneca,0,-1,1.0527857142857142,,2026-10-04T00:41:38Z,0.0003504170017549
lipophilicity_astrazeneca-1005-morgan-valid,1005,morgan,lipophilicity_astrazeneca,0,-1,0.7679434845731965,,2026-10-04T00:41:38Z,0.2447854589991038
lipophilicity_astrazeneca-1005-descriptors-valid,1005,descriptors,lipophilicity_astrazeneca,0,-1,0.8584992515856723,,2026-10-04T00:41:38Z,0.1033882499978062
lipophilicity_astrazeneca-1005-combined-valid,1005,combined,lipophilicity_astrazeneca,0,-1,0.648823575646638,,2026-10-04T00:41:39Z,0.2670373330038273
lipophilicity_astrazeneca-1005-shuffled-valid,1005,shuffled,lipophilicity_astrazeneca,0,-1,1.0904027559588234,,2026-10-04T00:41:39Z,0.249213499999314
lipophilicity_astrazeneca-1006-median-valid,1006,median,lipophilicity_astrazeneca,0,-1,0.963452380952381,,2026-10-04T00:41:39Z,0.0003915830020559
lipophilicity_astrazeneca-1006-morgan-valid,1006,morgan,lipophilicity_astrazeneca,0,-1,0.7262039799256453,,2026-10-04T00:41:40Z,0.240255958000489
lipophilicity_astrazeneca-1006-descriptors-valid,1006,descriptors,lipophilicity_astrazeneca,0,-1,0.7103340163161539,,2026-10-04T00:41:40Z,0.1027798330032965
lipophilicity_astrazeneca-1006-combined-valid,1006,combined,lipophilicity_astrazeneca,0,-1,0.5860343793031904,,2026-10-04T00:41:40Z,0.2508987080000224
lipophilicity_astrazeneca-1006-shuffled-valid,1006,shuffled,lipophilicity_astrazeneca,0,-1,0.9769019614013446,,2026-10-04T00:41:40Z,0.2300130000003264
lipophilicity_astrazeneca-1007-median-valid,1007,median,lipophilicity_astrazeneca,0,-1,0.982952380952381,,2026-10-04T00:41:41Z,0.000345708001987
lipophilicity_astrazeneca-1007-morgan-valid,1007,morgan,lipophilicity_astrazeneca,0,-1,0.7168545264227292,,2026-10-04T00:41:41Z,0.2405827080001472
lipophilicity_astrazeneca-1007-descriptors-valid,1007,descriptors,lipophilicity_astrazeneca,0,-1,0.7502356781510774,,2026-10-04T00:41:41Z,0.0973705420037731
lipophilicity_astrazeneca-1007-combined-valid,1007,combined,lipophilicity_astrazeneca,0,-1,0.5822150936410591,,2026-10-04T00:41:41Z,0.2504962500024703
lipophilicity_astrazeneca-1007-shuffled-valid,1007,shuffled,lipophilicity_astrazeneca,0,-1,1.0190365559769323,,2026-10-04T00:41:41Z,0.2308105830015847
lipophilicity_astrazeneca-1008-median-valid,1008,median,lipophilicity_astrazeneca,0,-1,0.977952380952381,,2026-10-04T00:41:42Z,0.0004007080060546
lipophilicity_astrazeneca-1008-morgan-valid,1008,morgan,lipophilicity_astrazeneca,0,-1,0.7327338583119434,,2026-10-04T00:41:42Z,0.2392823330010287
lipophilicity_astrazeneca-1008-descriptors-valid,1008,descriptors,lipophilicity_astrazeneca,0,-1,0.6922071921976232,,2026-10-04T00:41:42Z,0.1026462500012712
lipophilicity_astrazeneca-1008-combined-valid,1008,combined,lipophilicity_astrazeneca,0,-1,0.5858867943610367,,2026-10-04T00:41:42Z,0.2570623330029775
lipophilicity_astrazeneca-1008-shuffled-valid,1008,shuffled,lipophilicity_astrazeneca,0,-1,1.0472896246148586,,2026-10-04T00:41:43Z,0.2323112500016577
lipophilicity_astrazeneca-1009-median-valid,1009,median,lipophilicity_astrazeneca,0,-1,0.932404761904762,,2026-10-04T00:41:43Z,0.0003629580023698
lipophilicity_astrazeneca-1009-morgan-valid,1009,morgan,lipophilicity_astrazeneca,0,-1,0.7392790483885606,,2026-10-04T00:41:43Z,0.2070659169985447
lipophilicity_astrazeneca-1009-descriptors-valid,1009,descriptors,lipophilicity_astrazeneca,0,-1,0.7499049782789305,,2026-10-04T00:41:43Z,0.086337665998144
lipophilicity_astrazeneca-1009-combined-valid,1009,combined,lipophilicity_astrazeneca,0,-1,0.6071391802618595,,2026-10-04T00:41:43Z,0.2410212499962654
lipophilicity_astrazeneca-1009-shuffled-valid,1009,shuffled,lipophilicity_astrazeneca,0,-1,1.0166714764101024,,2026-10-04T00:41:44Z,0.2502318749975529
lipophilicity_astrazeneca-1010-median-valid,1010,median,lipophilicity_astrazeneca,0,-1,0.9943571428571428,,2026-10-04T00:41:44Z,0.000345708001987
lipophilicity_astrazeneca-1010-morgan-valid,1010,morgan,lipophilicity_astrazeneca,0,-1,0.7203009224134809,,2026-10-04T00:41:44Z,0.2453776670008665
lipophilicity_astrazeneca-1010-descriptors-valid,1010,descriptors,lipophilicity_astrazeneca,0,-1,0.8073582173541248,,2026-10-04T00:41:44Z,0.1054234170005656
lipophilicity_astrazeneca-1010-combined-valid,1010,combined,lipophilicity_astrazeneca,0,-1,0.6073308663347541,,2026-10-04T00:41:45Z,0.2646137080009794
lipophilicity_astrazeneca-1010-shuffled-valid,1010,shuffled,lipophilicity_astrazeneca,0,-1,0.9688442674921032,,2026-10-04T00:41:45Z,0.2396735840011388
lipophilicity_astrazeneca-1011-median-valid,1011,median,lipophilicity_astrazeneca,0,-1,0.9639761904761904,,2026-10-04T00:41:45Z,0.0003780420011025
lipophilicity_astrazeneca-1011-morgan-valid,1011,morgan,lipophilicity_astrazeneca,0,-1,0.8227753587361614,,2026-10-04T00:41:46Z,0.2458816669968655
lipophilicity_astrazeneca-1011-descriptors-valid,1011,descriptors,lipophilicity_astrazeneca,0,-1,0.7353225644047697,,2026-10-04T00:41:46Z,0.1032679589989129
lipophilicity_astrazeneca-1011-combined-valid,1011,combined,lipophilicity_astrazeneca,0,-1,0.6364583787166223,,2026-10-04T00:41:46Z,0.2654332920064917
lipophilicity_astrazeneca-1011-shuffled-valid,1011,shuffled,lipophilicity_astrazeneca,0,-1,1.044855728012162,,2026-10-04T00:41:46Z,0.2439507079980103
lipophilicity_astrazeneca-1012-median-valid,1012,median,lipophilicity_astrazeneca,0,-1,0.934595238095238,,2026-10-04T00:41:47Z,0.0003994999933638
lipophilicity_astrazeneca-1012-morgan-valid,1012,morgan,lipophilicity_astrazeneca,0,-1,0.7148995790952255,,2026-10-04T00:41:47Z,0.2436439160010195
lipophilicity_astrazeneca-1012-descriptors-valid,1012,descriptors,lipophilicity_astrazeneca,0,-1,0.7063717338768787,,2026-10-04T00:41:47Z,0.1006304589973297
lipophilicity_astrazeneca-1012-combined-valid,1012,combined,lipophilicity_astrazeneca,0,-1,0.5797765525450769,,2026-10-04T00:41:47Z,0.2642410420012311
lipophilicity_astrazeneca-1012-shuffled-valid,1012,shuffled,lipophilicity_astrazeneca,0,-1,0.9786253551854044,,2026-10-04T00:41:47Z,0.2431287919971509
lipophilicity_astrazeneca-1013-median-valid,1013,median,lipophilicity_astrazeneca,0,-1,0.9518809523809524,,2026-10-04T00:41:48Z,0.0003516249998938
lipophilicity_astrazeneca-1013-morgan-valid,1013,morgan,lipophilicity_astrazeneca,0,-1,0.7479827201057849,,2026-10-04T00:41:48Z,0.2421444580031675
lipophilicity_astrazeneca-1013-descriptors-valid,1013,descriptors,lipophilicity_astrazeneca,0,-1,0.7415392016435008,,2026-10-04T00:41:48Z,0.1021529999998165
lipophilicity_astrazeneca-1013-combined-valid,1013,combined,lipophilicity_astrazeneca,0,-1,0.5905785713097846,,2026-10-04T00:41:48Z,0.2644127910025418
lipophilicity_astrazeneca-1013-shuffled-valid,1013,shuffled,lipophilicity_astrazeneca,0,-1,0.9916928090141388,,2026-10-04T00:41:49Z,0.2383312079982715
lipophilicity_astrazeneca-1014-median-valid,1014,median,lipophilicity_astrazeneca,0,-1,0.9471904761904764,,2026-10-04T00:41:49Z,0.0003385410018381
lipophilicity_astrazeneca-1014-morgan-valid,1014,morgan,lipophilicity_astrazeneca,0,-1,0.7203827066140704,,2026-10-04T00:41:49Z,0.2422550420014886
lipophilicity_astrazeneca-1014-descriptors-valid,1014,descriptors,lipophilicity_astrazeneca,0,-1,0.7288493280917266,,2026-10-04T00:41:49Z,0.100648583000293
lipophilicity_astrazeneca-1014-combined-valid,1014,combined,lipophilicity_astrazeneca,0,-1,0.5923563544178302,,2026-10-04T00:41:50Z,0.2630523750049178
lipophilicity_astrazeneca-1014-shuffled-valid,1014,shuffled,lipophilicity_astrazeneca,0,-1,0.9621528576808512,,2026-10-04T00:41:50Z,0.2387013750048936
lipophilicity_astrazeneca-1015-median-valid,1015,median,lipophilicity_astrazeneca,0,-1,1.148404761904762,,2026-10-04T00:41:50Z,0.0003509169982862
lipophilicity_astrazeneca-1015-morgan-valid,1015,morgan,lipophilicity_astrazeneca,0,-1,0.8579993884253118,,2026-10-04T00:41:50Z,0.2443097499999567
lipophilicity_astrazeneca-1015-descriptors-valid,1015,descriptors,lipophilicity_astrazeneca,0,-1,0.7803634318574647,,2026-10-04T00:41:51Z,0.1019994160014903
lipophilicity_astrazeneca-1015-combined-valid,1015,combined,lipophilicity_astrazeneca,0,-1,0.663523364447725,,2026-10-04T00:41:51Z,0.261607250002271
lipophilicity_astrazeneca-1015-shuffled-valid,1015,shuffled,lipophilicity_astrazeneca,0,-1,1.20510114001482,,2026-10-04T00:41:51Z,0.243103875000088
lipophilicity_astrazeneca-1016-median-valid,1016,median,lipophilicity_astrazeneca,0,-1,1.0159761904761906,,2026-10-04T00:41:51Z,0.0003617089969338
lipophilicity_astrazeneca-1016-morgan-valid,1016,morgan,lipophilicity_astrazeneca,0,-1,0.7203977077753247,,2026-10-04T00:41:52Z,0.2448661660018842
lipophilicity_astrazeneca-1016-descriptors-valid,1016,descriptors,lipophilicity_astrazeneca,0,-1,0.7979148382722401,,2026-10-04T00:41:52Z,0.1015041670034406
lipophilicity_astrazeneca-1016-combined-valid,1016,combined,lipophilicity_astrazeneca,0,-1,0.6146147133980359,,2026-10-04T00:41:52Z,0.2597395000047982
lipophilicity_astrazeneca-1016-shuffled-valid,1016,shuffled,lipophilicity_astrazeneca,0,-1,1.03658573368291,,2026-10-04T00:41:52Z,0.2376222079983563
lipophilicity_astrazeneca-1017-median-valid,1017,median,lipophilicity_astrazeneca,0,-1,1.0816428571428571,,2026-10-04T00:41:53Z,0.0003402500005904
lipophilicity_astrazeneca-1017-morgan-valid,1017,morgan,lipophilicity_astrazeneca,0,-1,0.8086974457318853,,2026-10-04T00:41:53Z,0.2400124579944531
lipophilicity_astrazeneca-1017-descriptors-valid,1017,descriptors,lipophilicity_astrazeneca,0,-1,0.7862501763720163,,2026-10-04T00:41:53Z,0.0985639170030481
lipophilicity_astrazeneca-1017-combined-valid,1017,combined,lipophilicity_astrazeneca,0,-1,0.638785777768332,,2026-10-04T00:41:53Z,0.2644601249994593
lipophilicity_astrazeneca-1017-shuffled-valid,1017,shuffled,lipophilicity_astrazeneca,0,-1,1.0475421211986935,,2026-10-04T00:41:54Z,0.2411548329982906
lipophilicity_astrazeneca-1018-median-valid,1018,median,lipophilicity_astrazeneca,0,-1,0.9704761904761904,,2026-10-04T00:41:54Z,0.0003457499988144
lipophilicity_astrazeneca-1018-morgan-valid,1018,morgan,lipophilicity_astrazeneca,0,-1,0.7226869546741893,,2026-10-04T00:41:54Z,0.2412409160024253
lipophilicity_astrazeneca-1018-descriptors-valid,1018,descriptors,lipophilicity_astrazeneca,0,-1,0.7553218773615502,,2026-10-04T00:41:54Z,0.102376250004454
lipophilicity_astrazeneca-1018-combined-valid,1018,combined,lipophilicity_astrazeneca,0,-1,0.6050870794791424,,2026-10-04T00:41:55Z,0.2672037919983268
lipophilicity_astrazeneca-1018-shuffled-valid,1018,shuffled,lipophilicity_astrazeneca,0,-1,0.9882101930832732,,2026-10-04T00:41:55Z,0.2450935000015306
lipophilicity_astrazeneca-1019-median-valid,1019,median,lipophilicity_astrazeneca,0,-1,0.9642619047619048,,2026-10-04T00:41:55Z,0.0003862080047838
lipophilicity_astrazeneca-1019-morgan-valid,1019,morgan,lipophilicity_astrazeneca,0,-1,0.7751654540880103,,2026-10-04T00:41:55Z,0.2441884170038974
lipophilicity_astrazeneca-1019-descriptors-valid,1019,descriptors,lipophilicity_astrazeneca,0,-1,0.7209149696281699,,2026-10-04T00:41:55Z,0.1018255839953781
lipophilicity_astrazeneca-1019-combined-valid,1019,combined,lipophilicity_astrazeneca,0,-1,0.6075963359787423,,2026-10-04T00:41:56Z,0.2672499999971478
lipophilicity_astrazeneca-1019-shuffled-valid,1019,shuffled,lipophilicity_astrazeneca,0,-1,1.0118672879176094,,2026-10-04T00:41:56Z,0.2441861660045106
caco2_wang-1000-median-valid,1000,median,caco2_wang,0,-1,0.5367270725274726,,2026-10-04T00:41:57Z,0.0003555000002961
caco2_wang-1000-morgan-valid,1000,morgan,caco2_wang,0,-1,0.4402004269042601,,2026-10-04T00:41:57Z,0.1458387909951852
caco2_wang-1000-descriptors-valid,1000,descriptors,caco2_wang,0,-1,0.3097904776042562,,2026-10-04T00:41:57Z,0.0846457090010517
caco2_wang-1000-combined-valid,1000,combined,caco2_wang,0,-1,0.3404849563132373,,2026-10-04T00:41:57Z,0.1614232920037466
caco2_wang-1000-shuffled-valid,1000,shuffled,caco2_wang,0,-1,0.6015300627031662,,2026-10-04T00:41:58Z,0.1541431250007008
caco2_wang-1001-median-valid,1001,median,caco2_wang,0,-1,0.6039446912087912,,2026-10-04T00:41:58Z,0.0003348329992149
caco2_wang-1001-morgan-valid,1001,morgan,caco2_wang,0,-1,0.4452720890115024,,2026-10-04T00:41:58Z,0.1436370829978841
caco2_wang-1001-descriptors-valid,1001,descriptors,caco2_wang,0,-1,0.4119722860819279,,2026-10-04T00:41:58Z,0.0808494160010013
caco2_wang-1001-combined-valid,1001,combined,caco2_wang,0,-1,0.4059417905190404,,2026-10-04T00:41:58Z,0.1472511249958188
caco2_wang-1001-shuffled-valid,1001,shuffled,caco2_wang,0,-1,0.6235723610435403,,2026-10-04T00:41:58Z,0.1469887090061092
caco2_wang-1002-median-valid,1002,median,caco2_wang,0,-1,0.6491390307692309,,2026-10-04T00:41:58Z,0.0003459159997873
caco2_wang-1002-morgan-valid,1002,morgan,caco2_wang,0,-1,0.39531182315883,,2026-10-04T00:41:58Z,0.1431384590032394
caco2_wang-1002-descriptors-valid,1002,descriptors,caco2_wang,0,-1,0.3985224233661361,,2026-10-04T00:41:58Z,0.0797928749962011
caco2_wang-1002-combined-valid,1002,combined,caco2_wang,0,-1,0.3924053645648657,,2026-10-04T00:41:59Z,0.1478820409975014
caco2_wang-1002-shuffled-valid,1002,shuffled,caco2_wang,0,-1,0.7203453210859574,,2026-10-04T00:41:59Z,0.1489167500039911
caco2_wang-1003-median-valid,1003,median,caco2_wang,0,-1,0.4765629593406593,,2026-10-04T00:41:59Z,0.0003496249992167
caco2_wang-1003-morgan-valid,1003,morgan,caco2_wang,0,-1,0.4178963729754474,,2026-10-04T00:41:59Z,0.1469907079954282
caco2_wang-1003-descriptors-valid,1003,descriptors,caco2_wang,0,-1,0.3140996614339554,,2026-10-04T00:41:59Z,0.0823444170018774
caco2_wang-1003-combined-valid,1003,combined,caco2_wang,0,-1,0.3014430248931702,,2026-10-04T00:41:59Z,0.1512097079976229
caco2_wang-1003-shuffled-valid,1003,shuffled,caco2_wang,0,-1,0.5422168926747658,,2026-10-04T00:41:59Z,0.1520456250000279
caco2_wang-1004-median-valid,1004,median,caco2_wang,0,-1,0.608086057142857,,2026-10-04T00:41:59Z,0.0003204169988748
caco2_wang-1004-morgan-valid,1004,morgan,caco2_wang,0,-1,0.4283032466960734,,2026-10-04T00:42:00Z,0.1432085409978754
caco2_wang-1004-descriptors-valid,1004,descriptors,caco2_wang,0,-1,0.4178197344870179,,2026-10-04T00:42:00Z,0.0797963750010239
caco2_wang-1004-combined-valid,1004,combined,caco2_wang,0,-1,0.4330775709109513,,2026-10-04T00:42:00Z,0.148102667000785
caco2_wang-1004-shuffled-valid,1004,shuffled,caco2_wang,0,-1,0.551476515471163,,2026-10-04T00:42:00Z,0.1474955409939866
caco2_wang-1005-median-valid,1005,median,caco2_wang,0,-1,0.8105865879120877,,2026-10-04T00:42:00Z,0.0003211670045857
caco2_wang-1005-morgan-valid,1005,morgan,caco2_wang,0,-1,0.4331105482440835,,2026-10-04T00:42:00Z,0.1453694170049857
caco2_wang-1005-descriptors-valid,1005,descriptors,caco2_wang,0,-1,0.4610539956374807,,2026-10-04T00:42:00Z,0.080462958998396
caco2_wang-1005-combined-valid,1005,combined,caco2_wang,0,-1,0.4035784149044945,,2026-10-04T00:42:00Z,0.1491625419948832
caco2_wang-1005-shuffled-valid,1005,shuffled,caco2_wang,0,-1,0.9021674387950448,,2026-10-04T00:42:01Z,0.1518703750043641
caco2_wang-1006-median-valid,1006,median,caco2_wang,0,-1,0.554014484615385,,2026-10-04T00:42:01Z,0.0003193330048816
caco2_wang-1006-morgan-valid,1006,morgan,caco2_wang,0,-1,0.4038119843419848,,2026-10-04T00:42:01Z,0.1459261670024716
caco2_wang-1006-descriptors-valid,1006,descriptors,caco2_wang,0,-1,0.42653717306849,,2026-10-04T00:42:01Z,0.0812020000012125
caco2_wang-1006-combined-valid,1006,combined,caco2_wang,0,-1,0.3791254931048545,,2026-10-04T00:42:01Z,0.1485194169945316
caco2_wang-1006-shuffled-valid,1006,shuffled,caco2_wang,0,-1,0.6658513468505443,,2026-10-04T00:42:01Z,0.1485228750025271
caco2_wang-1007-median-valid,1007,median,caco2_wang,0,-1,0.5808307494505495,,2026-10-04T00:42:01Z,0.0003360420014359
caco2_wang-1007-morgan-valid,1007,morgan,caco2_wang,0,-1,0.3810224508594028,,2026-10-04T00:42:01Z,0.1416250839974964
caco2_wang-1007-descriptors-valid,1007,descriptors,caco2_wang,0,-1,0.4080244345076571,,2026-10-04T00:42:02Z,0.0803975829985574
caco2_wang-1007-combined-valid,1007,combined,caco2_wang,0,-1,0.3986892345673074,,2026-10-04T00:42:02Z,0.1524252500021248
caco2_wang-1007-shuffled-valid,1007,shuffled,caco2_wang,0,-1,0.6776155452848086,,2026-10-04T00:42:02Z,0.1565021249989513
caco2_wang-1008-median-valid,1008,median,caco2_wang,0,-1,0.8696265527472526,,2026-10-04T00:42:02Z,0.0003598329931264
caco2_wang-1008-morgan-valid,1008,morgan,caco2_wang,0,-1,0.4868558408173029,,2026-10-04T00:42:02Z,0.1437964169963379
caco2_wang-1008-descriptors-valid,1008,descriptors,caco2_wang,0,-1,0.4992368894473323,,2026-10-04T00:42:02Z,0.0802280420030001
caco2_wang-1008-combined-valid,1008,combined,caco2_wang,0,-1,0.4784354710480191,,2026-10-04T00:42:02Z,0.151553875002719
caco2_wang-1008-shuffled-valid,1008,shuffled,caco2_wang,0,-1,0.8398823428412526,,2026-10-04T00:42:02Z,0.1506537919995025
caco2_wang-1009-median-valid,1009,median,caco2_wang,0,-1,0.6266521912087911,,2026-10-04T00:42:03Z,0.0003307910010335
caco2_wang-1009-morgan-valid,1009,morgan,caco2_wang,0,-1,0.4105521157184397,,2026-10-04T00:42:03Z,0.1451332910000928
caco2_wang-1009-descriptors-valid,1009,descriptors,caco2_wang,0,-1,0.4172568155991485,,2026-10-04T00:42:03Z,0.0815310000034514
caco2_wang-1009-combined-valid,1009,combined,caco2_wang,0,-1,0.4310728809524893,,2026-10-04T00:42:03Z,0.144996250004624
caco2_wang-1009-shuffled-valid,1009,shuffled,caco2_wang,0,-1,0.6549038990196602,,2026-10-04T00:42:03Z,0.1456922500001383
caco2_wang-1010-median-valid,1010,median,caco2_wang,0,-1,0.6404998153846152,,2026-10-04T00:42:03Z,0.000344167005096
caco2_wang-1010-morgan-valid,1010,morgan,caco2_wang,0,-1,0.4040802794734046,,2026-10-04T00:42:03Z,0.1373534580052364
caco2_wang-1010-descriptors-valid,1010,descriptors,caco2_wang,0,-1,0.4033785707169957,,2026-10-04T00:42:03Z,0.0787910830040345
caco2_wang-1010-combined-valid,1010,combined,caco2_wang,0,-1,0.3974564175579024,,2026-10-04T00:42:03Z,0.1355435840014252
caco2_wang-1010-shuffled-valid,1010,shuffled,caco2_wang,0,-1,0.5849117193574888,,2026-10-04T00:42:04Z,0.1378365419950569
caco2_wang-1011-median-valid,1011,median,caco2_wang,0,-1,0.7906889230769232,,2026-10-04T00:42:04Z,0.0003650420039775
caco2_wang-1011-morgan-valid,1011,morgan,caco2_wang,0,-1,0.4963026301977355,,2026-10-04T00:42:04Z,0.1391180000064196
caco2_wang-1011-descriptors-valid,1011,descriptors,caco2_wang,0,-1,0.4425113937600147,,2026-10-04T00:42:04Z,0.0789980830013519
caco2_wang-1011-combined-valid,1011,combined,caco2_wang,0,-1,0.4025347593714327,,2026-10-04T00:42:04Z,0.1428240840032231
caco2_wang-1011-shuffled-valid,1011,shuffled,caco2_wang,0,-1,0.8938878072665207,,2026-10-04T00:42:04Z,0.1465193330004695
caco2_wang-1012-median-valid,1012,median,caco2_wang,0,-1,0.6189660494505494,,2026-10-04T00:42:04Z,0.0003248339999117
caco2_wang-1012-morgan-valid,1012,morgan,caco2_wang,0,-1,0.4291153095560289,,2026-10-04T00:42:04Z,0.1429752080002799
caco2_wang-1012-descriptors-valid,1012,descriptors,caco2_wang,0,-1,0.3305488536668799,,2026-10-04T00:42:05Z,0.0796793330009677
caco2_wang-1012-combined-valid,1012,combined,caco2_wang,0,-1,0.3262764076414448,,2026-10-04T00:42:05Z,0.1534462080016965
caco2_wang-1012-shuffled-valid,1012,shuffled,caco2_wang,0,-1,0.6531395494732061,,2026-10-04T00:42:05Z,0.1560801660016295
caco2_wang-1013-median-valid,1013,median,caco2_wang,0,-1,0.6260530417582422,,2026-10-04T00:42:05Z,0.0003336250010761
caco2_wang-1013-morgan-valid,1013,morgan,caco2_wang,0,-1,0.4518401033518293,,2026-10-04T00:42:05Z,0.1463779589976184
caco2_wang-1013-descriptors-valid,1013,descriptors,caco2_wang,0,-1,0.3050622856025775,,2026-10-04T00:42:05Z,0.0799050839996198
caco2_wang-1013-combined-valid,1013,combined,caco2_wang,0,-1,0.2973453887818665,,2026-10-04T00:42:05Z,0.1536494999963906
caco2_wang-1013-shuffled-valid,1013,shuffled,caco2_wang,0,-1,0.6816052579565846,,2026-10-04T00:42:05Z,0.1524030410000705
caco2_wang-1014-median-valid,1014,median,caco2_wang,0,-1,0.6808884351648352,,2026-10-04T00:42:06Z,0.0004042080036015
caco2_wang-1014-morgan-valid,1014,morgan,caco2_wang,0,-1,0.4792995117955105,,2026-10-04T00:42:06Z,0.144437666000158
caco2_wang-1014-descriptors-valid,1014,descriptors,caco2_wang,0,-1,0.441008375868187,,2026-10-04T00:42:06Z,0.0819747080022352
caco2_wang-1014-combined-valid,1014,combined,caco2_wang,0,-1,0.3885470683121487,,2026-10-04T00:42:06Z,0.1471657500005676
caco2_wang-1014-shuffled-valid,1014,shuffled,caco2_wang,0,-1,0.6522333376034658,,2026-10-04T00:42:06Z,0.1538350420014467
caco2_wang-1015-median-valid,1015,median,caco2_wang,0,-1,0.5301816703296702,,2026-10-04T00:42:06Z,0.0004099580037291
caco2_wang-1015-morgan-valid,1015,morgan,caco2_wang,0,-1,0.4304862023094092,,2026-10-04T00:42:06Z,0.1487702500016894
caco2_wang-1015-descriptors-valid,1015,descriptors,caco2_wang,0,-1,0.3426243013293429,,2026-10-04T00:42:06Z,0.0844029590007267
caco2_wang-1015-combined-valid,1015,combined,caco2_wang,0,-1,0.321371808493038,,2026-10-04T00:42:07Z,0.1540084169973852
caco2_wang-1015-shuffled-valid,1015,shuffled,caco2_wang,0,-1,0.5987417799214745,,2026-10-04T00:42:07Z,0.1566965829988476
caco2_wang-1016-median-valid,1016,median,caco2_wang,0,-1,0.7698866395604395,,2026-10-04T00:42:07Z,0.0003197920013917
caco2_wang-1016-morgan-valid,1016,morgan,caco2_wang,0,-1,0.4984765569567447,,2026-10-04T00:42:07Z,0.1447273749945452
caco2_wang-1016-descriptors-valid,1016,descriptors,caco2_wang,0,-1,0.4872141372087607,,2026-10-04T00:42:07Z,0.0805399169985321
caco2_wang-1016-combined-valid,1016,combined,caco2_wang,0,-1,0.4386130537749148,,2026-10-04T00:42:07Z,0.1499653339997166
caco2_wang-1016-shuffled-valid,1016,shuffled,caco2_wang,0,-1,0.7938269663804942,,2026-10-04T00:42:07Z,0.1506263330011279
caco2_wang-1017-median-valid,1017,median,caco2_wang,0,-1,0.5328772648351647,,2026-10-04T00:42:07Z,0.0003826250031124
caco2_wang-1017-morgan-valid,1017,morgan,caco2_wang,0,-1,0.346372653227073,,2026-10-04T00:42:08Z,0.1429584170036832
caco2_wang-1017-descriptors-valid,1017,descriptors,caco2_wang,0,-1,0.4494817882372665,,2026-10-04T00:42:08Z,0.0792683339968789
caco2_wang-1017-combined-valid,1017,combined,caco2_wang,0,-1,0.4387439805921143,,2026-10-04T00:42:08Z,0.1478969160016277
caco2_wang-1017-shuffled-valid,1017,shuffled,caco2_wang,0,-1,0.5546353641941196,,2026-10-04T00:42:08Z,0.1513964170007966
caco2_wang-1018-median-valid,1018,median,caco2_wang,0,-1,0.6953628362637365,,2026-10-04T00:42:08Z,0.0003459580038907
caco2_wang-1018-morgan-valid,1018,morgan,caco2_wang,0,-1,0.513895956423336,,2026-10-04T00:42:08Z,0.1452602080025826
caco2_wang-1018-descriptors-valid,1018,descriptors,caco2_wang,0,-1,0.4082307955818928,,2026-10-04T00:42:08Z,0.0817237919982289
caco2_wang-1018-combined-valid,1018,combined,caco2_wang,0,-1,0.4272518179332543,,2026-10-04T00:42:08Z,0.1519442080025328
caco2_wang-1018-shuffled-valid,1018,shuffled,caco2_wang,0,-1,0.8038194095080621,,2026-10-04T00:42:09Z,0.1508238340029493
caco2_wang-1019-median-valid,1019,median,caco2_wang,0,-1,0.7325248780219779,,2026-10-04T00:42:09Z,0.0003330830004415
caco2_wang-1019-morgan-valid,1019,morgan,caco2_wang,0,-1,0.4529128874810372,,2026-10-04T00:42:09Z,0.1472536250003031
caco2_wang-1019-descriptors-valid,1019,descriptors,caco2_wang,0,-1,0.4671258362332309,,2026-10-04T00:42:09Z,0.0803916669974569
caco2_wang-1019-combined-valid,1019,combined,caco2_wang,0,-1,0.4148996746018164,,2026-10-04T00:42:09Z,0.1510190000044531
caco2_wang-1019-shuffled-valid,1019,shuffled,caco2_wang,0,-1,0.7613656952571223,,2026-10-04T00:42:09Z,0.1502775409971946
solubility_aqsoldb-1000-median-test,1000,median,solubility_aqsoldb,1,-1,1.8382338617618927,,2026-10-04T00:43:13Z,0.0
solubility_aqsoldb-1000-morgan-test,1000,morgan,solubility_aqsoldb,1,-1,1.2419975886616692,,2026-10-04T00:43:13Z,0.0
solubility_aqsoldb-1000-descriptors-test,1000,descriptors,solubility_aqsoldb,1,-1,0.8865056025547918,,2026-10-04T00:43:13Z,0.0
solubility_aqsoldb-1000-combined-test,1000,combined,solubility_aqsoldb,1,-1,0.8303973940890218,,2026-10-04T00:43:13Z,0.0
solubility_aqsoldb-1000-shuffled-test,1000,shuffled,solubility_aqsoldb,1,-1,1.911455435605631,,2026-10-04T00:43:13Z,0.0
solubility_aqsoldb-1001-median-test,1001,median,solubility_aqsoldb,1,-1,1.9433263541855534,,2026-10-04T00:43:15Z,0.0
solubility_aqsoldb-1001-morgan-test,1001,morgan,solubility_aqsoldb,1,-1,1.306020997157156,,2026-10-04T00:43:15Z,0.0
solubility_aqsoldb-1001-descriptors-test,1001,descriptors,solubility_aqsoldb,1,-1,0.8974469171217948,,2026-10-04T00:43:15Z,0.0
solubility_aqsoldb-1001-combined-test,1001,combined,solubility_aqsoldb,1,-1,0.863946561110469,,2026-10-04T00:43:15Z,0.0
solubility_aqsoldb-1001-shuffled-test,1001,shuffled,solubility_aqsoldb,1,-1,1.8727382333710254,,2026-10-04T00:43:15Z,0.0
solubility_aqsoldb-1002-median-test,1002,median,solubility_aqsoldb,1,-1,1.9440115468050074,,2026-10-04T00:43:16Z,0.0
solubility_aqsoldb-1002-morgan-test,1002,morgan,solubility_aqsoldb,1,-1,1.3209952121492285,,2026-10-04T00:43:16Z,0.0
solubility_aqsoldb-1002-descriptors-test,1002,descriptors,solubility_aqsoldb,1,-1,0.9031090846927956,,2026-10-04T00:43:16Z,0.0
solubility_aqsoldb-1002-combined-test,1002,combined,solubility_aqsoldb,1,-1,0.8755942674361993,,2026-10-04T00:43:16Z,0.0
solubility_aqsoldb-1002-shuffled-test,1002,shuffled,solubility_aqsoldb,1,-1,1.8980394633362334,,2026-10-04T00:43:16Z,0.0
solubility_aqsoldb-1003-median-test,1003,median,solubility_aqsoldb,1,-1,1.8382338617618927,,2026-10-04T00:43:18Z,0.0
solubility_aqsoldb-1003-morgan-test,1003,morgan,solubility_aqsoldb,1,-1,1.2419975886616692,,2026-10-04T00:43:18Z,0.0
solubility_aqsoldb-1003-descriptors-test,1003,descriptors,solubility_aqsoldb,1,-1,0.8865056025547918,,2026-10-04T00:43:18Z,0.0
solubility_aqsoldb-1003-combined-test,1003,combined,solubility_aqsoldb,1,-1,0.8303973940890218,,2026-10-04T00:43:18Z,0.0
solubility_aqsoldb-1003-shuffled-test,1003,shuffled,solubility_aqsoldb,1,-1,1.864352250880998,,2026-10-04T00:43:18Z,0.0
solubility_aqsoldb-1004-median-test,1004,median,solubility_aqsoldb,1,-1,1.8382338617618927,,2026-10-04T00:43:19Z,0.0
solubility_aqsoldb-1004-morgan-test,1004,morgan,solubility_aqsoldb,1,-1,1.2419975886616692,,2026-10-04T00:43:19Z,0.0
solubility_aqsoldb-1004-descriptors-test,1004,descriptors,solubility_aqsoldb,1,-1,0.8865056025547918,,2026-10-04T00:43:19Z,0.0
solubility_aqsoldb-1004-combined-test,1004,combined,solubility_aqsoldb,1,-1,0.8303973940890218,,2026-10-04T00:43:19Z,0.0
solubility_aqsoldb-1004-shuffled-test,1004,shuffled,solubility_aqsoldb,1,-1,1.8059965547176524,,2026-10-04T00:43:19Z,0.0
solubility_aqsoldb-1005-median-test,1005,median,solubility_aqsoldb,1,-1,1.9435035347869802,,2026-10-04T00:43:21Z,0.0
solubility_aqsoldb-1005-morgan-test,1005,morgan,solubility_aqsoldb,1,-1,1.2979718979300459,,2026-10-04T00:43:21Z,0.0
solubility_aqsoldb-1005-descriptors-test,1005,descriptors,solubility_aqsoldb,1,-1,0.8999876048760084,,2026-10-04T00:43:21Z,0.0
solubility_aqsoldb-1005-combined-test,1005,combined,solubility_aqsoldb,1,-1,0.8563841842008016,,2026-10-04T00:43:21Z,0.0
solubility_aqsoldb-1005-shuffled-test,1005,shuffled,solubility_aqsoldb,1,-1,1.932166876224345,,2026-10-04T00:43:21Z,0.0
solubility_aqsoldb-1006-median-test,1006,median,solubility_aqsoldb,1,-1,1.8382338617618927,,2026-10-04T00:43:22Z,0.0
solubility_aqsoldb-1006-morgan-test,1006,morgan,solubility_aqsoldb,1,-1,1.2419975886616692,,2026-10-04T00:43:22Z,0.0
solubility_aqsoldb-1006-descriptors-test,1006,descriptors,solubility_aqsoldb,1,-1,0.8865056025547918,,2026-10-04T00:43:22Z,0.0
solubility_aqsoldb-1006-combined-test,1006,combined,solubility_aqsoldb,1,-1,0.8303973940890218,,2026-10-04T00:43:22Z,0.0
solubility_aqsoldb-1006-shuffled-test,1006,shuffled,solubility_aqsoldb,1,-1,1.8556122893430065,,2026-10-04T00:43:22Z,0.0
solubility_aqsoldb-1007-median-test,1007,median,solubility_aqsoldb,1,-1,1.9467319774509766,,2026-10-04T00:43:24Z,0.0
solubility_aqsoldb-1007-morgan-test,1007,morgan,solubility_aqsoldb,1,-1,1.2950634566236023,,2026-10-04T00:43:24Z,0.0
solubility_aqsoldb-1007-descriptors-test,1007,descriptors,solubility_aqsoldb,1,-1,0.9130897175603652,,2026-10-04T00:43:24Z,0.0
solubility_aqsoldb-1007-combined-test,1007,combined,solubility_aqsoldb,1,-1,0.8606216204929367,,2026-10-04T00:43:24Z,0.0
solubility_aqsoldb-1007-shuffled-test,1007,shuffled,solubility_aqsoldb,1,-1,1.9149853235312666,,2026-10-04T00:43:24Z,0.0
solubility_aqsoldb-1008-median-test,1008,median,solubility_aqsoldb,1,-1,1.8382338617618927,,2026-10-04T00:43:25Z,0.0
solubility_aqsoldb-1008-morgan-test,1008,morgan,solubility_aqsoldb,1,-1,1.2419975886616692,,2026-10-04T00:43:25Z,0.0
solubility_aqsoldb-1008-descriptors-test,1008,descriptors,solubility_aqsoldb,1,-1,0.8865056025547918,,2026-10-04T00:43:25Z,0.0
solubility_aqsoldb-1008-combined-test,1008,combined,solubility_aqsoldb,1,-1,0.8303973940890218,,2026-10-04T00:43:25Z,0.0
solubility_aqsoldb-1008-shuffled-test,1008,shuffled,solubility_aqsoldb,1,-1,1.8660931377258148,,2026-10-04T00:43:25Z,0.0
solubility_aqsoldb-1009-median-test,1009,median,solubility_aqsoldb,1,-1,1.9407187113342763,,2026-10-04T00:43:27Z,0.0
solubility_aqsoldb-1009-morgan-test,1009,morgan,solubility_aqsoldb,1,-1,1.3227333314529675,,2026-10-04T00:43:27Z,0.0
solubility_aqsoldb-1009-descriptors-test,1009,descriptors,solubility_aqsoldb,1,-1,0.914142713441728,,2026-10-04T00:43:27Z,0.0
solubility_aqsoldb-1009-combined-test,1009,combined,solubility_aqsoldb,1,-1,0.8704738318503361,,2026-10-04T00:43:27Z,0.0
solubility_aqsoldb-1009-shuffled-test,1009,shuffled,solubility_aqsoldb,1,-1,1.926736151801798,,2026-10-04T00:43:27Z,0.0
solubility_aqsoldb-1010-median-test,1010,median,solubility_aqsoldb,1,-1,1.9095405007885828,,2026-10-04T00:43:28Z,0.0
solubility_aqsoldb-1010-morgan-test,1010,morgan,solubility_aqsoldb,1,-1,1.2272047644870416,,2026-10-04T00:43:28Z,0.0
solubility_aqsoldb-1010-descriptors-test,1010,descriptors,solubility_aqsoldb,1,-1,0.907063060146429,,2026-10-04T00:43:28Z,0.0
solubility_aqsoldb-1010-combined-test,1010,combined,solubility_aqsoldb,1,-1,0.8462628695125837,,2026-10-04T00:43:28Z,0.0
solubility_aqsoldb-1010-shuffled-test,1010,shuffled,solubility_aqsoldb,1,-1,1.912122710112903,,2026-10-04T00:43:28Z,0.0
solubility_aqsoldb-1011-median-test,1011,median,solubility_aqsoldb,1,-1,1.8382338617618927,,2026-10-04T00:43:29Z,0.0
solubility_aqsoldb-1011-morgan-test,1011,morgan,solubility_aqsoldb,1,-1,1.2419975886616692,,2026-10-04T00:43:29Z,0.0
solubility_aqsoldb-1011-descriptors-test,1011,descriptors,solubility_aqsoldb,1,-1,0.8865056025547918,,2026-10-04T00:43:29Z,0.0
solubility_aqsoldb-1011-combined-test,1011,combined,solubility_aqsoldb,1,-1,0.8303973940890218,,2026-10-04T00:43:29Z,0.0
solubility_aqsoldb-1011-shuffled-test,1011,shuffled,solubility_aqsoldb,1,-1,1.8221113258040686,,2026-10-04T00:43:29Z,0.0
solubility_aqsoldb-1012-median-test,1012,median,solubility_aqsoldb,1,-1,1.9465227135551328,,2026-10-04T00:43:31Z,0.0
solubility_aqsoldb-1012-morgan-test,1012,morgan,solubility_aqsoldb,1,-1,1.3507131560065146,,2026-10-04T00:43:31Z,0.0
solubility_aqsoldb-1012-descriptors-test,1012,descriptors,solubility_aqsoldb,1,-1,0.910870425693926,,2026-10-04T00:43:31Z,0.0
solubility_aqsoldb-1012-combined-test,1012,combined,solubility_aqsoldb,1,-1,0.8784317180427735,,2026-10-04T00:43:31Z,0.0
solubility_aqsoldb-1012-shuffled-test,1012,shuffled,solubility_aqsoldb,1,-1,1.8913326699507673,,2026-10-04T00:43:31Z,0.0
solubility_aqsoldb-1013-median-test,1013,median,solubility_aqsoldb,1,-1,1.9095405007885828,,2026-10-04T00:43:33Z,0.0
solubility_aqsoldb-1013-morgan-test,1013,morgan,solubility_aqsoldb,1,-1,1.2272047644870416,,2026-10-04T00:43:33Z,0.0
solubility_aqsoldb-1013-descriptors-test,1013,descriptors,solubility_aqsoldb,1,-1,0.907063060146429,,2026-10-04T00:43:33Z,0.0
solubility_aqsoldb-1013-combined-test,1013,combined,solubility_aqsoldb,1,-1,0.8462628695125837,,2026-10-04T00:43:33Z,0.0
solubility_aqsoldb-1013-shuffled-test,1013,shuffled,solubility_aqsoldb,1,-1,1.9154025717556364,,2026-10-04T00:43:33Z,0.0
solubility_aqsoldb-1014-median-test,1014,median,solubility_aqsoldb,1,-1,1.9095405007885828,,2026-10-04T00:43:34Z,0.0
solubility_aqsoldb-1014-morgan-test,1014,morgan,solubility_aqsoldb,1,-1,1.2272047644870416,,2026-10-04T00:43:34Z,0.0
solubility_aqsoldb-1014-descriptors-test,1014,descriptors,solubility_aqsoldb,1,-1,0.907063060146429,,2026-10-04T00:43:34Z,0.0
solubility_aqsoldb-1014-combined-test,1014,combined,solubility_aqsoldb,1,-1,0.8462628695125837,,2026-10-04T00:43:34Z,0.0
solubility_aqsoldb-1014-shuffled-test,1014,shuffled,solubility_aqsoldb,1,-1,1.8937887867925507,,2026-10-04T00:43:34Z,0.0
solubility_aqsoldb-1015-median-test,1015,median,solubility_aqsoldb,1,-1,1.8382338617618927,,2026-10-04T00:43:35Z,0.0
solubility_aqsoldb-1015-morgan-test,1015,morgan,solubility_aqsoldb,1,-1,1.2419975886616692,,2026-10-04T00:43:36Z,0.0
solubility_aqsoldb-1015-descriptors-test,1015,descriptors,solubility_aqsoldb,1,-1,0.8865056025547918,,2026-10-04T00:43:36Z,0.0
solubility_aqsoldb-1015-combined-test,1015,combined,solubility_aqsoldb,1,-1,0.8303973940890218,,2026-10-04T00:43:36Z,0.0
solubility_aqsoldb-1015-shuffled-test,1015,shuffled,solubility_aqsoldb,1,-1,1.9658749257947807,,2026-10-04T00:43:36Z,0.0
solubility_aqsoldb-1016-median-test,1016,median,solubility_aqsoldb,1,-1,1.9095405007885828,,2026-10-04T00:43:37Z,0.0
solubility_aqsoldb-1016-morgan-test,1016,morgan,solubility_aqsoldb,1,-1,1.2272047644870416,,2026-10-04T00:43:37Z,0.0
solubility_aqsoldb-1016-descriptors-test,1016,descriptors,solubility_aqsoldb,1,-1,0.907063060146429,,2026-10-04T00:43:37Z,0.0
solubility_aqsoldb-1016-combined-test,1016,combined,solubility_aqsoldb,1,-1,0.8462628695125837,,2026-10-04T00:43:37Z,0.0
solubility_aqsoldb-1016-shuffled-test,1016,shuffled,solubility_aqsoldb,1,-1,1.9054450781742442,,2026-10-04T00:43:37Z,0.0
solubility_aqsoldb-1017-median-test,1017,median,solubility_aqsoldb,1,-1,1.9394785473057585,,2026-10-04T00:43:39Z,0.0
solubility_aqsoldb-1017-morgan-test,1017,morgan,solubility_aqsoldb,1,-1,1.2837831466117795,,2026-10-04T00:43:39Z,0.0
solubility_aqsoldb-1017-descriptors-test,1017,descriptors,solubility_aqsoldb,1,-1,0.9177044966420149,,2026-10-04T00:43:39Z,0.0
solubility_aqsoldb-1017-combined-test,1017,combined,solubility_aqsoldb,1,-1,0.861909173539043,,2026-10-04T00:43:39Z,0.0
solubility_aqsoldb-1017-shuffled-test,1017,shuffled,solubility_aqsoldb,1,-1,1.8974831724043404,,2026-10-04T00:43:39Z,0.0
solubility_aqsoldb-1018-median-test,1018,median,solubility_aqsoldb,1,-1,1.8382338617618927,,2026-10-04T00:43:40Z,0.0
solubility_aqsoldb-1018-morgan-test,1018,morgan,solubility_aqsoldb,1,-1,1.2419975886616692,,2026-10-04T00:43:40Z,0.0
solubility_aqsoldb-1018-descriptors-test,1018,descriptors,solubility_aqsoldb,1,-1,0.8865056025547918,,2026-10-04T00:43:40Z,0.0
solubility_aqsoldb-1018-combined-test,1018,combined,solubility_aqsoldb,1,-1,0.8303973940890218,,2026-10-04T00:43:40Z,0.0
solubility_aqsoldb-1018-shuffled-test,1018,shuffled,solubility_aqsoldb,1,-1,1.8718297587656436,,2026-10-04T00:43:40Z,0.0
solubility_aqsoldb-1019-median-test,1019,median,solubility_aqsoldb,1,-1,1.9342899644314473,,2026-10-04T00:43:42Z,0.0
solubility_aqsoldb-1019-morgan-test,1019,morgan,solubility_aqsoldb,1,-1,1.31369214750144,,2026-10-04T00:43:42Z,0.0
solubility_aqsoldb-1019-descriptors-test,1019,descriptors,solubility_aqsoldb,1,-1,0.9062177102517269,,2026-10-04T00:43:42Z,0.0
solubility_aqsoldb-1019-combined-test,1019,combined,solubility_aqsoldb,1,-1,0.8636435245001574,,2026-10-04T00:43:42Z,0.0
solubility_aqsoldb-1019-shuffled-test,1019,shuffled,solubility_aqsoldb,1,-1,1.8981295456791363,,2026-10-04T00:43:42Z,0.0
lipophilicity_astrazeneca-1000-median-test,1000,median,lipophilicity_astrazeneca,1,-1,0.9654285714285715,,2026-10-04T00:43:47Z,0.0
lipophilicity_astrazeneca-1000-morgan-test,1000,morgan,lipophilicity_astrazeneca,1,-1,0.7343418464330406,,2026-10-04T00:43:47Z,0.0
lipophilicity_astrazeneca-1000-descriptors-test,1000,descriptors,lipophilicity_astrazeneca,1,-1,0.7707536999637102,,2026-10-04T00:43:47Z,0.0
lipophilicity_astrazeneca-1000-combined-test,1000,combined,lipophilicity_astrazeneca,1,-1,0.649729517077261,,2026-10-04T00:43:47Z,0.0
lipophilicity_astrazeneca-1000-shuffled-test,1000,shuffled,lipophilicity_astrazeneca,1,-1,0.9776604797316828,,2026-10-04T00:43:47Z,0.0
lipophilicity_astrazeneca-1001-median-test,1001,median,lipophilicity_astrazeneca,1,-1,0.9643809523809523,,2026-10-04T00:43:48Z,0.0
lipophilicity_astrazeneca-1001-morgan-test,1001,morgan,lipophilicity_astrazeneca,1,-1,0.7279920850459356,,2026-10-04T00:43:48Z,0.0
lipophilicity_astrazeneca-1001-descriptors-test,1001,descriptors,lipophilicity_astrazeneca,1,-1,0.7722050274497705,,2026-10-04T00:43:48Z,0.0
lipophilicity_astrazeneca-1001-combined-test,1001,combined,lipophilicity_astrazeneca,1,-1,0.6378984431868318,,2026-10-04T00:43:48Z,0.0
lipophilicity_astrazeneca-1001-shuffled-test,1001,shuffled,lipophilicity_astrazeneca,1,-1,1.0009425932602602,,2026-10-04T00:43:48Z,0.0
lipophilicity_astrazeneca-1002-median-test,1002,median,lipophilicity_astrazeneca,1,-1,0.9654285714285715,,2026-10-04T00:43:48Z,0.0
lipophilicity_astrazeneca-1002-morgan-test,1002,morgan,lipophilicity_astrazeneca,1,-1,0.7367258040746776,,2026-10-04T00:43:48Z,0.0
lipophilicity_astrazeneca-1002-descriptors-test,1002,descriptors,lipophilicity_astrazeneca,1,-1,0.7732184598946126,,2026-10-04T00:43:48Z,0.0
lipophilicity_astrazeneca-1002-combined-test,1002,combined,lipophilicity_astrazeneca,1,-1,0.6345242259295324,,2026-10-04T00:43:48Z,0.0
lipophilicity_astrazeneca-1002-shuffled-test,1002,shuffled,lipophilicity_astrazeneca,1,-1,1.0027650821607819,,2026-10-04T00:43:48Z,0.0
lipophilicity_astrazeneca-1003-median-test,1003,median,lipophilicity_astrazeneca,1,-1,0.9582142857142857,,2026-10-04T00:43:48Z,0.0
lipophilicity_astrazeneca-1003-morgan-test,1003,morgan,lipophilicity_astrazeneca,1,-1,0.7356138565757663,,2026-10-04T00:43:48Z,0.0
lipophilicity_astrazeneca-1003-descriptors-test,1003,descriptors,lipophilicity_astrazeneca,1,-1,0.7754391673716636,,2026-10-04T00:43:48Z,0.0
lipophilicity_astrazeneca-1003-combined-test,1003,combined,lipophilicity_astrazeneca,1,-1,0.6251481992061149,,2026-10-04T00:43:48Z,0.0
lipophilicity_astrazeneca-1003-shuffled-test,1003,shuffled,lipophilicity_astrazeneca,1,-1,0.9931076401339821,,2026-10-04T00:43:48Z,0.0
lipophilicity_astrazeneca-1004-median-test,1004,median,lipophilicity_astrazeneca,1,-1,0.9633571428571429,,2026-10-04T00:43:49Z,0.0
lipophilicity_astrazeneca-1004-morgan-test,1004,morgan,lipophilicity_astrazeneca,1,-1,0.7354524885300517,,2026-10-04T00:43:49Z,0.0
lipophilicity_astrazeneca-1004-descriptors-test,1004,descriptors,lipophilicity_astrazeneca,1,-1,0.7676394663143207,,2026-10-04T00:43:49Z,0.0
lipophilicity_astrazeneca-1004-combined-test,1004,combined,lipophilicity_astrazeneca,1,-1,0.6288019824971753,,2026-10-04T00:43:49Z,0.0
lipophilicity_astrazeneca-1004-shuffled-test,1004,shuffled,lipophilicity_astrazeneca,1,-1,1.0049468768152652,,2026-10-04T00:43:49Z,0.0
lipophilicity_astrazeneca-1005-median-test,1005,median,lipophilicity_astrazeneca,1,-1,0.9633571428571429,,2026-10-04T00:43:49Z,0.0
lipophilicity_astrazeneca-1005-morgan-test,1005,morgan,lipophilicity_astrazeneca,1,-1,0.7287657033062119,,2026-10-04T00:43:49Z,0.0
lipophilicity_astrazeneca-1005-descriptors-test,1005,descriptors,lipophilicity_astrazeneca,1,-1,0.7728632296193445,,2026-10-04T00:43:49Z,0.0
lipophilicity_astrazeneca-1005-combined-test,1005,combined,lipophilicity_astrazeneca,1,-1,0.6373700203452337,,2026-10-04T00:43:49Z,0.0
lipophilicity_astrazeneca-1005-shuffled-test,1005,shuffled,lipophilicity_astrazeneca,1,-1,0.9896645819886283,,2026-10-04T00:43:49Z,0.0
lipophilicity_astrazeneca-1006-median-test,1006,median,lipophilicity_astrazeneca,1,-1,0.9665238095238097,,2026-10-04T00:43:49Z,0.0
lipophilicity_astrazeneca-1006-morgan-test,1006,morgan,lipophilicity_astrazeneca,1,-1,0.7208026314326017,,2026-10-04T00:43:49Z,0.0
lipophilicity_astrazeneca-1006-descriptors-test,1006,descriptors,lipophilicity_astrazeneca,1,-1,0.7638418028653138,,2026-10-04T00:43:49Z,0.0
lipophilicity_astrazeneca-1006-combined-test,1006,combined,lipophilicity_astrazeneca,1,-1,0.6323816043544278,,2026-10-04T00:43:49Z,0.0
lipophilicity_astrazeneca-1006-shuffled-test,1006,shuffled,lipophilicity_astrazeneca,1,-1,1.0046788422585884,,2026-10-04T00:43:49Z,0.0
lipophilicity_astrazeneca-1007-median-test,1007,median,lipophilicity_astrazeneca,1,-1,0.961404761904762,,2026-10-04T00:43:50Z,0.0
lipophilicity_astrazeneca-1007-morgan-test,1007,morgan,lipophilicity_astrazeneca,1,-1,0.7363405285781811,,2026-10-04T00:43:50Z,0.0
lipophilicity_astrazeneca-1007-descriptors-test,1007,descriptors,lipophilicity_astrazeneca,1,-1,0.7730747466504303,,2026-10-04T00:43:50Z,0.0
lipophilicity_astrazeneca-1007-combined-test,1007,combined,lipophilicity_astrazeneca,1,-1,0.6238152626965225,,2026-10-04T00:43:50Z,0.0
lipophilicity_astrazeneca-1007-shuffled-test,1007,shuffled,lipophilicity_astrazeneca,1,-1,1.0228756688579104,,2026-10-04T00:43:50Z,0.0
lipophilicity_astrazeneca-1008-median-test,1008,median,lipophilicity_astrazeneca,1,-1,0.9633571428571429,,2026-10-04T00:43:50Z,0.0
lipophilicity_astrazeneca-1008-morgan-test,1008,morgan,lipophilicity_astrazeneca,1,-1,0.7247415376092363,,2026-10-04T00:43:50Z,0.0
lipophilicity_astrazeneca-1008-descriptors-test,1008,descriptors,lipophilicity_astrazeneca,1,-1,0.7694569717216377,,2026-10-04T00:43:50Z,0.0
lipophilicity_astrazeneca-1008-combined-test,1008,combined,lipophilicity_astrazeneca,1,-1,0.6406783786961266,,2026-10-04T00:43:50Z,0.0
lipophilicity_astrazeneca-1008-shuffled-test,1008,shuffled,lipophilicity_astrazeneca,1,-1,0.9976585148820423,,2026-10-04T00:43:50Z,0.0
lipophilicity_astrazeneca-1009-median-test,1009,median,lipophilicity_astrazeneca,1,-1,0.9678333333333333,,2026-10-04T00:43:50Z,0.0
lipophilicity_astrazeneca-1009-morgan-test,1009,morgan,lipophilicity_astrazeneca,1,-1,0.719974782065633,,2026-10-04T00:43:50Z,0.0
lipophilicity_astrazeneca-1009-descriptors-test,1009,descriptors,lipophilicity_astrazeneca,1,-1,0.7638511174647667,,2026-10-04T00:43:50Z,0.0
lipophilicity_astrazeneca-1009-combined-test,1009,combined,lipophilicity_astrazeneca,1,-1,0.6414468264264113,,2026-10-04T00:43:50Z,0.0
lipophilicity_astrazeneca-1009-shuffled-test,1009,shuffled,lipophilicity_astrazeneca,1,-1,1.013834567657273,,2026-10-04T00:43:50Z,0.0
lipophilicity_astrazeneca-1010-median-test,1010,median,lipophilicity_astrazeneca,1,-1,0.962357142857143,,2026-10-04T00:43:51Z,0.0
lipophilicity_astrazeneca-1010-morgan-test,1010,morgan,lipophilicity_astrazeneca,1,-1,0.7315175440897274,,2026-10-04T00:43:51Z,0.0
lipophilicity_astrazeneca-1010-descriptors-test,1010,descriptors,lipophilicity_astrazeneca,1,-1,0.7636857772566811,,2026-10-04T00:43:51Z,0.0
lipophilicity_astrazeneca-1010-combined-test,1010,combined,lipophilicity_astrazeneca,1,-1,0.6301932732052896,,2026-10-04T00:43:51Z,0.0
lipophilicity_astrazeneca-1010-shuffled-test,1010,shuffled,lipophilicity_astrazeneca,1,-1,1.038504119931359,,2026-10-04T00:43:51Z,0.0
lipophilicity_astrazeneca-1011-median-test,1011,median,lipophilicity_astrazeneca,1,-1,0.9643809523809523,,2026-10-04T00:43:51Z,0.0
lipophilicity_astrazeneca-1011-morgan-test,1011,morgan,lipophilicity_astrazeneca,1,-1,0.736257332311415,,2026-10-04T00:43:51Z,0.0
lipophilicity_astrazeneca-1011-descriptors-test,1011,descriptors,lipophilicity_astrazeneca,1,-1,0.760797467325584,,2026-10-04T00:43:51Z,0.0
lipophilicity_astrazeneca-1011-combined-test,1011,combined,lipophilicity_astrazeneca,1,-1,0.6202656701215328,,2026-10-04T00:43:51Z,0.0
lipophilicity_astrazeneca-1011-shuffled-test,1011,shuffled,lipophilicity_astrazeneca,1,-1,1.0273356479315874,,2026-10-04T00:43:51Z,0.0
lipophilicity_astrazeneca-1012-median-test,1012,median,lipophilicity_astrazeneca,1,-1,0.9665238095238097,,2026-10-04T00:43:52Z,0.0
lipophilicity_astrazeneca-1012-morgan-test,1012,morgan,lipophilicity_astrazeneca,1,-1,0.7277040562291464,,2026-10-04T00:43:52Z,0.0
lipophilicity_astrazeneca-1012-descriptors-test,1012,descriptors,lipophilicity_astrazeneca,1,-1,0.775025785597485,,2026-10-04T00:43:52Z,0.0
lipophilicity_astrazeneca-1012-combined-test,1012,combined,lipophilicity_astrazeneca,1,-1,0.632991654622824,,2026-10-04T00:43:52Z,0.0
lipophilicity_astrazeneca-1012-shuffled-test,1012,shuffled,lipophilicity_astrazeneca,1,-1,1.0319855681628662,,2026-10-04T00:43:52Z,0.0
lipophilicity_astrazeneca-1013-median-test,1013,median,lipophilicity_astrazeneca,1,-1,0.9633571428571429,,2026-10-04T00:43:52Z,0.0
lipophilicity_astrazeneca-1013-morgan-test,1013,morgan,lipophilicity_astrazeneca,1,-1,0.7281896954610426,,2026-10-04T00:43:52Z,0.0
lipophilicity_astrazeneca-1013-descriptors-test,1013,descriptors,lipophilicity_astrazeneca,1,-1,0.7717665837207073,,2026-10-04T00:43:52Z,0.0
lipophilicity_astrazeneca-1013-combined-test,1013,combined,lipophilicity_astrazeneca,1,-1,0.6386303063477899,,2026-10-04T00:43:52Z,0.0
lipophilicity_astrazeneca-1013-shuffled-test,1013,shuffled,lipophilicity_astrazeneca,1,-1,1.0110167493876192,,2026-10-04T00:43:52Z,0.0
lipophilicity_astrazeneca-1014-median-test,1014,median,lipophilicity_astrazeneca,1,-1,0.9659761904761905,,2026-10-04T00:43:52Z,0.0
lipophilicity_astrazeneca-1014-morgan-test,1014,morgan,lipophilicity_astrazeneca,1,-1,0.7286511075011662,,2026-10-04T00:43:52Z,0.0
lipophilicity_astrazeneca-1014-descriptors-test,1014,descriptors,lipophilicity_astrazeneca,1,-1,0.7704629935311421,,2026-10-04T00:43:52Z,0.0
lipophilicity_astrazeneca-1014-combined-test,1014,combined,lipophilicity_astrazeneca,1,-1,0.6429615786655927,,2026-10-04T00:43:52Z,0.0
lipophilicity_astrazeneca-1014-shuffled-test,1014,shuffled,lipophilicity_astrazeneca,1,-1,1.0016115184689678,,2026-10-04T00:43:52Z,0.0
lipophilicity_astrazeneca-1015-median-test,1015,median,lipophilicity_astrazeneca,1,-1,0.9618809523809524,,2026-10-04T00:43:53Z,0.0
lipophilicity_astrazeneca-1015-morgan-test,1015,morgan,lipophilicity_astrazeneca,1,-1,0.731546691997171,,2026-10-04T00:43:53Z,0.0
lipophilicity_astrazeneca-1015-descriptors-test,1015,descriptors,lipophilicity_astrazeneca,1,-1,0.7683170843162757,,2026-10-04T00:43:53Z,0.0
lipophilicity_astrazeneca-1015-combined-test,1015,combined,lipophilicity_astrazeneca,1,-1,0.6456350176078037,,2026-10-04T00:43:53Z,0.0
lipophilicity_astrazeneca-1015-shuffled-test,1015,shuffled,lipophilicity_astrazeneca,1,-1,1.0401426964859408,,2026-10-04T00:43:53Z,0.0
lipophilicity_astrazeneca-1016-median-test,1016,median,lipophilicity_astrazeneca,1,-1,0.9628571428571429,,2026-10-04T00:43:53Z,0.0
lipophilicity_astrazeneca-1016-morgan-test,1016,morgan,lipophilicity_astrazeneca,1,-1,0.7261595558208954,,2026-10-04T00:43:53Z,0.0
lipophilicity_astrazeneca-1016-descriptors-test,1016,descriptors,lipophilicity_astrazeneca,1,-1,0.7699184205827745,,2026-10-04T00:43:53Z,0.0
lipophilicity_astrazeneca-1016-combined-test,1016,combined,lipophilicity_astrazeneca,1,-1,0.6400810733332253,,2026-10-04T00:43:53Z,0.0
lipophilicity_astrazeneca-1016-shuffled-test,1016,shuffled,lipophilicity_astrazeneca,1,-1,1.0387737956176324,,2026-10-04T00:43:53Z,0.0
lipophilicity_astrazeneca-1017-median-test,1017,median,lipophilicity_astrazeneca,1,-1,0.9585833333333333,,2026-10-04T00:43:53Z,0.0
lipophilicity_astrazeneca-1017-morgan-test,1017,morgan,lipophilicity_astrazeneca,1,-1,0.7286750974638686,,2026-10-04T00:43:53Z,0.0
lipophilicity_astrazeneca-1017-descriptors-test,1017,descriptors,lipophilicity_astrazeneca,1,-1,0.7698651134920472,,2026-10-04T00:43:53Z,0.0
lipophilicity_astrazeneca-1017-combined-test,1017,combined,lipophilicity_astrazeneca,1,-1,0.6386560381416848,,2026-10-04T00:43:53Z,0.0
lipophilicity_astrazeneca-1017-shuffled-test,1017,shuffled,lipophilicity_astrazeneca,1,-1,1.0119044138382554,,2026-10-04T00:43:53Z,0.0
lipophilicity_astrazeneca-1018-median-test,1018,median,lipophilicity_astrazeneca,1,-1,0.9605238095238094,,2026-10-04T00:43:54Z,0.0
lipophilicity_astrazeneca-1018-morgan-test,1018,morgan,lipophilicity_astrazeneca,1,-1,0.734971980362328,,2026-10-04T00:43:54Z,0.0
lipophilicity_astrazeneca-1018-descriptors-test,1018,descriptors,lipophilicity_astrazeneca,1,-1,0.7610261032600231,,2026-10-04T00:43:54Z,0.0
lipophilicity_astrazeneca-1018-combined-test,1018,combined,lipophilicity_astrazeneca,1,-1,0.6270019290053667,,2026-10-04T00:43:54Z,0.0
lipophilicity_astrazeneca-1018-shuffled-test,1018,shuffled,lipophilicity_astrazeneca,1,-1,1.0413769455769855,,2026-10-04T00:43:54Z,0.0
lipophilicity_astrazeneca-1019-median-test,1019,median,lipophilicity_astrazeneca,1,-1,0.9665238095238097,,2026-10-04T00:43:54Z,0.0
lipophilicity_astrazeneca-1019-morgan-test,1019,morgan,lipophilicity_astrazeneca,1,-1,0.7329377143663677,,2026-10-04T00:43:54Z,0.0
lipophilicity_astrazeneca-1019-descriptors-test,1019,descriptors,lipophilicity_astrazeneca,1,-1,0.7845224086549846,,2026-10-04T00:43:54Z,0.0
lipophilicity_astrazeneca-1019-combined-test,1019,combined,lipophilicity_astrazeneca,1,-1,0.6416958650899542,,2026-10-04T00:43:54Z,0.0
lipophilicity_astrazeneca-1019-shuffled-test,1019,shuffled,lipophilicity_astrazeneca,1,-1,1.02342877871375,,2026-10-04T00:43:54Z,0.0
caco2_wang-1000-median-test,1000,median,caco2_wang,1,-1,0.5862641434065933,,2026-10-04T00:43:55Z,0.0
caco2_wang-1000-morgan-test,1000,morgan,caco2_wang,1,-1,0.5175766515075262,,2026-10-04T00:43:55Z,0.0
caco2_wang-1000-descriptors-test,1000,descriptors,caco2_wang,1,-1,0.34083247204902356,,2026-10-04T00:43:55Z,0.0
caco2_wang-1000-combined-test,1000,combined,caco2_wang,1,-1,0.283320567174084,,2026-10-04T00:43:55Z,0.0
caco2_wang-1000-shuffled-test,1000,shuffled,caco2_wang,1,-1,0.5399545987797574,,2026-10-04T00:43:55Z,0.0
caco2_wang-1001-median-test,1001,median,caco2_wang,1,-1,0.5810337192307693,,2026-10-04T00:43:55Z,0.0
caco2_wang-1001-morgan-test,1001,morgan,caco2_wang,1,-1,0.445123172849114,,2026-10-04T00:43:55Z,0.0
caco2_wang-1001-descriptors-test,1001,descriptors,caco2_wang,1,-1,0.3401023736000208,,2026-10-04T00:43:55Z,0.0
caco2_wang-1001-combined-test,1001,combined,caco2_wang,1,-1,0.2781781228221192,,2026-10-04T00:43:55Z,0.0
caco2_wang-1001-shuffled-test,1001,shuffled,caco2_wang,1,-1,0.6736055251059221,,2026-10-04T00:43:55Z,0.0
caco2_wang-1002-median-test,1002,median,caco2_wang,1,-1,0.5883963357142858,,2026-10-04T00:43:55Z,0.0
caco2_wang-1002-morgan-test,1002,morgan,caco2_wang,1,-1,0.49013817697139506,,2026-10-04T00:43:55Z,0.0
caco2_wang-1002-descriptors-test,1002,descriptors,caco2_wang,1,-1,0.34898143089342987,,2026-10-04T00:43:55Z,0.0
caco2_wang-1002-combined-test,1002,combined,caco2_wang,1,-1,0.2887682871903741,,2026-10-04T00:43:55Z,0.0
caco2_wang-1002-shuffled-test,1002,shuffled,caco2_wang,1,-1,0.6044102910208072,,2026-10-04T00:43:55Z,0.0
caco2_wang-1003-median-test,1003,median,caco2_wang,1,-1,0.5825833983516484,,2026-10-04T00:43:55Z,0.0
caco2_wang-1003-morgan-test,1003,morgan,caco2_wang,1,-1,0.47089816796288436,,2026-10-04T00:43:55Z,0.0
caco2_wang-1003-descriptors-test,1003,descriptors,caco2_wang,1,-1,0.35680314069904995,,2026-10-04T00:43:55Z,0.0
caco2_wang-1003-combined-test,1003,combined,caco2_wang,1,-1,0.3265067651804053,,2026-10-04T00:43:55Z,0.0
caco2_wang-1003-shuffled-test,1003,shuffled,caco2_wang,1,-1,0.5661411887273613,,2026-10-04T00:43:55Z,0.0
caco2_wang-1004-median-test,1004,median,caco2_wang,1,-1,0.5830806038461538,,2026-10-04T00:43:55Z,0.0
caco2_wang-1004-morgan-test,1004,morgan,caco2_wang,1,-1,0.45936061254268795,,2026-10-04T00:43:55Z,0.0
caco2_wang-1004-descriptors-test,1004,descriptors,caco2_wang,1,-1,0.32185095768312594,,2026-10-04T00:43:55Z,0.0
caco2_wang-1004-combined-test,1004,combined,caco2_wang,1,-1,0.3071963749363399,,2026-10-04T00:43:55Z,0.0
caco2_wang-1004-shuffled-test,1004,shuffled,caco2_wang,1,-1,0.5719727813902733,,2026-10-04T00:43:55Z,0.0
caco2_wang-1005-median-test,1005,median,caco2_wang,1,-1,0.5810337192307693,,2026-10-04T00:43:55Z,0.0
caco2_wang-1005-morgan-test,1005,morgan,caco2_wang,1,-1,0.48967376172199606,,2026-10-04T00:43:55Z,0.0
caco2_wang-1005-descriptors-test,1005,descriptors,caco2_wang,1,-1,0.3348815966608508,,2026-10-04T00:43:55Z,0.0
caco2_wang-1005-combined-test,1005,combined,caco2_wang,1,-1,0.3151410610046542,,2026-10-04T00:43:55Z,0.0
caco2_wang-1005-shuffled-test,1005,shuffled,caco2_wang,1,-1,0.6863562226880172,,2026-10-04T00:43:55Z,0.0
caco2_wang-1006-median-test,1006,median,caco2_wang,1,-1,0.5792755126373624,,2026-10-04T00:43:55Z,0.0
caco2_wang-1006-morgan-test,1006,morgan,caco2_wang,1,-1,0.4588931748278628,,2026-10-04T00:43:55Z,0.0
caco2_wang-1006-descriptors-test,1006,descriptors,caco2_wang,1,-1,0.3537827407998616,,2026-10-04T00:43:55Z,0.0
caco2_wang-1006-combined-test,1006,combined,caco2_wang,1,-1,0.3010375968919918,,2026-10-04T00:43:55Z,0.0
caco2_wang-1006-shuffled-test,1006,shuffled,caco2_wang,1,-1,0.6149323348106841,,2026-10-04T00:43:55Z,0.0
caco2_wang-1007-median-test,1007,median,caco2_wang,1,-1,0.5862641434065933,,2026-10-04T00:43:55Z,0.0
caco2_wang-1007-morgan-test,1007,morgan,caco2_wang,1,-1,0.45334674277391374,,2026-10-04T00:43:55Z,0.0
caco2_wang-1007-descriptors-test,1007,descriptors,caco2_wang,1,-1,0.3155953060452394,,2026-10-04T00:43:55Z,0.0
caco2_wang-1007-combined-test,1007,combined,caco2_wang,1,-1,0.2996753241227844,,2026-10-04T00:43:56Z,0.0
caco2_wang-1007-shuffled-test,1007,shuffled,caco2_wang,1,-1,0.6383280115778259,,2026-10-04T00:43:56Z,0.0
caco2_wang-1008-median-test,1008,median,caco2_wang,1,-1,0.6032551467032968,,2026-10-04T00:43:56Z,0.0
caco2_wang-1008-morgan-test,1008,morgan,caco2_wang,1,-1,0.46281274784586274,,2026-10-04T00:43:56Z,0.0
caco2_wang-1008-descriptors-test,1008,descriptors,caco2_wang,1,-1,0.3441894544988677,,2026-10-04T00:43:56Z,0.0
caco2_wang-1008-combined-test,1008,combined,caco2_wang,1,-1,0.3027644220065624,,2026-10-04T00:43:56Z,0.0
caco2_wang-1008-shuffled-test,1008,shuffled,caco2_wang,1,-1,0.6142896146634004,,2026-10-04T00:43:56Z,0.0
caco2_wang-1009-median-test,1009,median,caco2_wang,1,-1,0.5825833983516484,,2026-10-04T00:43:56Z,0.0
caco2_wang-1009-morgan-test,1009,morgan,caco2_wang,1,-1,0.4943419934607754,,2026-10-04T00:43:56Z,0.0
caco2_wang-1009-descriptors-test,1009,descriptors,caco2_wang,1,-1,0.3498583101022716,,2026-10-04T00:43:56Z,0.0
caco2_wang-1009-combined-test,1009,combined,caco2_wang,1,-1,0.29102426399192516,,2026-10-04T00:43:56Z,0.0
caco2_wang-1009-shuffled-test,1009,shuffled,caco2_wang,1,-1,0.55434085805641,,2026-10-04T00:43:56Z,0.0
caco2_wang-1010-median-test,1010,median,caco2_wang,1,-1,0.5883963357142858,,2026-10-04T00:43:56Z,0.0
caco2_wang-1010-morgan-test,1010,morgan,caco2_wang,1,-1,0.45239890759608015,,2026-10-04T00:43:56Z,0.0
caco2_wang-1010-descriptors-test,1010,descriptors,caco2_wang,1,-1,0.33995144086689966,,2026-10-04T00:43:56Z,0.0
caco2_wang-1010-combined-test,1010,combined,caco2_wang,1,-1,0.31406545363679716,,2026-10-04T00:43:56Z,0.0
caco2_wang-1010-shuffled-test,1010,shuffled,caco2_wang,1,-1,0.635440224357214,,2026-10-04T00:43:56Z,0.0
caco2_wang-1011-median-test,1011,median,caco2_wang,1,-1,0.5799521016483518,,2026-10-04T00:43:56Z,0.0
caco2_wang-1011-morgan-test,1011,morgan,caco2_wang,1,-1,0.5332522032747449,,2026-10-04T00:43:56Z,0.0
caco2_wang-1011-descriptors-test,1011,descriptors,caco2_wang,1,-1,0.3500201451901546,,2026-10-04T00:43:56Z,0.0
caco2_wang-1011-combined-test,1011,combined,caco2_wang,1,-1,0.28451603925132757,,2026-10-04T00:43:56Z,0.0
caco2_wang-1011-shuffled-test,1011,shuffled,caco2_wang,1,-1,0.6298564662232281,,2026-10-04T00:43:56Z,0.0
caco2_wang-1012-median-test,1012,median,caco2_wang,1,-1,0.5849172576923078,,2026-10-04T00:43:56Z,0.0
caco2_wang-1012-morgan-test,1012,morgan,caco2_wang,1,-1,0.4690460039723567,,2026-10-04T00:43:56Z,0.0
caco2_wang-1012-descriptors-test,1012,descriptors,caco2_wang,1,-1,0.3499164514600567,,2026-10-04T00:43:56Z,0.0
caco2_wang-1012-combined-test,1012,combined,caco2_wang,1,-1,0.29019815329281007,,2026-10-04T00:43:56Z,0.0
caco2_wang-1012-shuffled-test,1012,shuffled,caco2_wang,1,-1,0.5656747257632236,,2026-10-04T00:43:56Z,0.0
caco2_wang-1013-median-test,1013,median,caco2_wang,1,-1,0.5792755126373624,,2026-10-04T00:43:56Z,0.0
caco2_wang-1013-morgan-test,1013,morgan,caco2_wang,1,-1,0.5506926091186556,,2026-10-04T00:43:56Z,0.0
caco2_wang-1013-descriptors-test,1013,descriptors,caco2_wang,1,-1,0.3375851803833559,,2026-10-04T00:43:56Z,0.0
caco2_wang-1013-combined-test,1013,combined,caco2_wang,1,-1,0.2893699148366595,,2026-10-04T00:43:56Z,0.0
caco2_wang-1013-shuffled-test,1013,shuffled,caco2_wang,1,-1,0.6510058713233013,,2026-10-04T00:43:56Z,0.0
caco2_wang-1014-median-test,1014,median,caco2_wang,1,-1,0.5827281016483515,,2026-10-04T00:43:56Z,0.0
caco2_wang-1014-morgan-test,1014,morgan,caco2_wang,1,-1,0.43956364775462037,,2026-10-04T00:43:56Z,0.0
caco2_wang-1014-descriptors-test,1014,descriptors,caco2_wang,1,-1,0.37900244373237385,,2026-10-04T00:43:56Z,0.0
caco2_wang-1014-combined-test,1014,combined,caco2_wang,1,-1,0.33243343449867,,2026-10-04T00:43:56Z,0.0
caco2_wang-1014-shuffled-test,1014,shuffled,caco2_wang,1,-1,0.5738290595155224,,2026-10-04T00:43:56Z,0.0
caco2_wang-1015-median-test,1015,median,caco2_wang,1,-1,0.5902645236263736,,2026-10-04T00:43:56Z,0.0
caco2_wang-1015-morgan-test,1015,morgan,caco2_wang,1,-1,0.42520184212073103,,2026-10-04T00:43:56Z,0.0
caco2_wang-1015-descriptors-test,1015,descriptors,caco2_wang,1,-1,0.3284761301693412,,2026-10-04T00:43:56Z,0.0
caco2_wang-1015-combined-test,1015,combined,caco2_wang,1,-1,0.311700726425653,,2026-10-04T00:43:56Z,0.0
caco2_wang-1015-shuffled-test,1015,shuffled,caco2_wang,1,-1,0.6967251581118746,,2026-10-04T00:43:56Z,0.0
caco2_wang-1016-median-test,1016,median,caco2_wang,1,-1,0.590590904945055,,2026-10-04T00:43:56Z,0.0
caco2_wang-1016-morgan-test,1016,morgan,caco2_wang,1,-1,0.5255961496736609,,2026-10-04T00:43:56Z,0.0
caco2_wang-1016-descriptors-test,1016,descriptors,caco2_wang,1,-1,0.32080190954106813,,2026-10-04T00:43:56Z,0.0
caco2_wang-1016-combined-test,1016,combined,caco2_wang,1,-1,0.29449429836275115,,2026-10-04T00:43:56Z,0.0
caco2_wang-1016-shuffled-test,1016,shuffled,caco2_wang,1,-1,0.7142350671812032,,2026-10-04T00:43:56Z,0.0
caco2_wang-1017-median-test,1017,median,caco2_wang,1,-1,0.5902645236263736,,2026-10-04T00:43:56Z,0.0
caco2_wang-1017-morgan-test,1017,morgan,caco2_wang,1,-1,0.44498579502916713,,2026-10-04T00:43:56Z,0.0
caco2_wang-1017-descriptors-test,1017,descriptors,caco2_wang,1,-1,0.33104526434405873,,2026-10-04T00:43:56Z,0.0
caco2_wang-1017-combined-test,1017,combined,caco2_wang,1,-1,0.2950717514015047,,2026-10-04T00:43:56Z,0.0
caco2_wang-1017-shuffled-test,1017,shuffled,caco2_wang,1,-1,0.6755581393819509,,2026-10-04T00:43:56Z,0.0
caco2_wang-1018-median-test,1018,median,caco2_wang,1,-1,0.5869279467032966,,2026-10-04T00:43:56Z,0.0
caco2_wang-1018-morgan-test,1018,morgan,caco2_wang,1,-1,0.5454362330241971,,2026-10-04T00:43:56Z,0.0
caco2_wang-1018-descriptors-test,1018,descriptors,caco2_wang,1,-1,0.34594776277421596,,2026-10-04T00:43:56Z,0.0
caco2_wang-1018-combined-test,1018,combined,caco2_wang,1,-1,0.320302861890343,,2026-10-04T00:43:56Z,0.0
caco2_wang-1018-shuffled-test,1018,shuffled,caco2_wang,1,-1,0.6807852628889847,,2026-10-04T00:43:56Z,0.0
caco2_wang-1019-median-test,1019,median,caco2_wang,1,-1,0.600933051098901,,2026-10-04T00:43:56Z,0.0
caco2_wang-1019-morgan-test,1019,morgan,caco2_wang,1,-1,0.45606824309840815,,2026-10-04T00:43:56Z,0.0
caco2_wang-1019-descriptors-test,1019,descriptors,caco2_wang,1,-1,0.3204835882889397,,2026-10-04T00:43:56Z,0.0
caco2_wang-1019-combined-test,1019,combined,caco2_wang,1,-1,0.31241746325113967,,2026-10-04T00:43:56Z,0.0
caco2_wang-1019-shuffled-test,1019,shuffled,caco2_wang,1,-1,0.6126845295325295,,2026-10-04T00:43:56Z,0.0
