dataset,method,segment,rows,mae
solubility_aqsoldb,median,low,4186,1.6201468770161251
solubility_aqsoldb,median,medium,29434,1.9232481829213903
solubility_aqsoldb,median,high,6320,1.9399941142674368
solubility_aqsoldb,morgan,low,4186,1.3061900663975405
solubility_aqsoldb,morgan,medium,29434,1.2829688261743915
solubility_aqsoldb,morgan,high,6320,1.165335895324896
solubility_aqsoldb,descriptors,low,4186,0.9866994268470112
solubility_aqsoldb,descriptors,medium,29434,0.9074280632464066
solubility_aqsoldb,descriptors,high,6320,0.802566685290916
solubility_aqsoldb,combined,low,4186,1.0072853563359299
solubility_aqsoldb,combined,medium,29434,0.856216490642982
solubility_aqsoldb,combined,high,6320,0.703990606032739
solubility_aqsoldb,shuffled,low,4186,1.674804376737746
solubility_aqsoldb,shuffled,medium,29434,1.9207077269101016
solubility_aqsoldb,shuffled,high,6320,1.8963742214971884
lipophilicity_astrazeneca,median,low,954,1.2142348008385746
lipophilicity_astrazeneca,median,medium,7590,1.0472911725955203
lipophilicity_astrazeneca,median,high,8256,0.8577240794573643
lipophilicity_astrazeneca,morgan,low,954,1.0885456427434343
lipophilicity_astrazeneca,morgan,medium,7590,0.8436986718211456
lipophilicity_astrazeneca,morgan,high,8256,0.5847915032308646
lipophilicity_astrazeneca,descriptors,low,954,0.878308576398932
lipophilicity_astrazeneca,descriptors,medium,7590,0.8380700855971791
lipophilicity_astrazeneca,descriptors,high,8256,0.694674911235172
lipophilicity_astrazeneca,combined,low,954,0.9348781856234168
lipophilicity_astrazeneca,combined,medium,7590,0.7190605716712551
lipophilicity_astrazeneca,combined,high,8256,0.5240768216858118
lipophilicity_astrazeneca,shuffled,low,954,1.2412738908937975
lipophilicity_astrazeneca,shuffled,medium,7590,1.1066193140471625
lipophilicity_astrazeneca,shuffled,high,8256,0.9020015483566995
caco2_wang,median,low,1298,0.5113277570878274
caco2_wang,median,medium,1554,0.6463750481981982
caco2_wang,median,high,788,0.5917886492385785
caco2_wang,morgan,low,1298,0.7283810194216572
caco2_wang,morgan,medium,1554,0.3813595099942846
caco2_wang,morgan,high,788,0.2617903586505319
caco2_wang,descriptors,low,1298,0.2860625806748129
caco2_wang,descriptors,medium,1554,0.37748686851835406
caco2_wang,descriptors,high,788,0.357253617724533
caco2_wang,combined,low,1298,0.3031076536206234
caco2_wang,combined,medium,1554,0.3194818386387719
caco2_wang,combined,high,788,0.2652801686681707
caco2_wang,shuffled,low,1298,0.5413662113887479
caco2_wang,shuffled,medium,1554,0.6815558447948903
caco2_wang,shuffled,high,788,0.651258622165296
