claim_id,text,level,evidence,status,reason
E-C1,The listed representations form a complete set of pairwise non-isomorphic irreducible representations of C1; its character table is Table (C1).,computed_rigorous,certify.cert_character_table,verified,1 homomorphisms checked on all 1 pairs; Gram matrix = identity; sum d^2 = 1 = |G|; 1 = #classes; column orthogonality; chi_reg = sum d_i chi_i
E-C2,The listed representations form a complete set of pairwise non-isomorphic irreducible representations of C2; its character table is Table (C2).,computed_rigorous,certify.cert_character_table,verified,2 homomorphisms checked on all 4 pairs; Gram matrix = identity; sum d^2 = 2 = |G|; 2 = #classes; column orthogonality; chi_reg = sum d_i chi_i
E-C3,The listed representations form a complete set of pairwise non-isomorphic irreducible representations of C3; its character table is Table (C3).,computed_rigorous,certify.cert_character_table,verified,3 homomorphisms checked on all 9 pairs; Gram matrix = identity; sum d^2 = 3 = |G|; 3 = #classes; column orthogonality; chi_reg = sum d_i chi_i
E-C4,The listed representations form a complete set of pairwise non-isomorphic irreducible representations of C4; its character table is Table (C4).,computed_rigorous,certify.cert_character_table,verified,4 homomorphisms checked on all 16 pairs; Gram matrix = identity; sum d^2 = 4 = |G|; 4 = #classes; column orthogonality; chi_reg = sum d_i chi_i
E-C5,The listed representations form a complete set of pairwise non-isomorphic irreducible representations of C5; its character table is Table (C5).,computed_rigorous,certify.cert_character_table,verified,5 homomorphisms checked on all 25 pairs; Gram matrix = identity; sum d^2 = 5 = |G|; 5 = #classes; column orthogonality; chi_reg = sum d_i chi_i
E-C6,The listed representations form a complete set of pairwise non-isomorphic irreducible representations of C6; its character table is Table (C6).,computed_rigorous,certify.cert_character_table,verified,6 homomorphisms checked on all 36 pairs; Gram matrix = identity; sum d^2 = 6 = |G|; 6 = #classes; column orthogonality; chi_reg = sum d_i chi_i
E-C7,The listed representations form a complete set of pairwise non-isomorphic irreducible representations of C7; its character table is Table (C7).,computed_rigorous,certify.cert_character_table,verified,7 homomorphisms checked on all 49 pairs; Gram matrix = identity; sum d^2 = 7 = |G|; 7 = #classes; column orthogonality; chi_reg = sum d_i chi_i
E-C8,The listed representations form a complete set of pairwise non-isomorphic irreducible representations of C8; its character table is Table (C8).,computed_rigorous,certify.cert_character_table,verified,8 homomorphisms checked on all 64 pairs; Gram matrix = identity; sum d^2 = 8 = |G|; 8 = #classes; column orthogonality; chi_reg = sum d_i chi_i
E-S3,The listed representations form a complete set of pairwise non-isomorphic irreducible representations of S3; its character table is Table (S3).,computed_rigorous,certify.cert_character_table,verified,3 homomorphisms checked on all 36 pairs; Gram matrix = identity; sum d^2 = 6 = |G|; 3 = #classes; column orthogonality; chi_reg = sum d_i chi_i
E-D4,The listed representations form a complete set of pairwise non-isomorphic irreducible representations of D4; its character table is Table (D4).,computed_rigorous,certify.cert_character_table,verified,5 homomorphisms checked on all 64 pairs; Gram matrix = identity; sum d^2 = 8 = |G|; 5 = #classes; column orthogonality; chi_reg = sum d_i chi_i
E-Q8,The listed representations form a complete set of pairwise non-isomorphic irreducible representations of Q8; its character table is Table (Q8).,computed_rigorous,certify.cert_character_table,verified,5 homomorphisms checked on all 64 pairs; Gram matrix = identity; sum d^2 = 8 = |G|; 5 = #classes; column orthogonality; chi_reg = sum d_i chi_i
E-A4,The listed representations form a complete set of pairwise non-isomorphic irreducible representations of A4; its character table is Table (A4).,computed_rigorous,certify.cert_character_table,verified,4 homomorphisms checked on all 144 pairs; Gram matrix = identity; sum d^2 = 12 = |G|; 4 = #classes; column orthogonality; chi_reg = sum d_i chi_i
E-S4,The listed representations form a complete set of pairwise non-isomorphic irreducible representations of S4; its character table is Table (S4).,computed_rigorous,certify.cert_character_table,verified,5 homomorphisms checked on all 576 pairs; Gram matrix = identity; sum d^2 = 24 = |G|; 5 = #classes; column orthogonality; chi_reg = sum d_i chi_i
E-T3-S3,"For all pairs of irreducible representations V, W of S3: <chi_W, chi_V> = dim Hom_G(V, W) (dimension by Gaussian elimination).",computed_rigorous,certify.cert_orthogonality_vs_linear_algebra,verified,"16 ordered pairs, all equal"
E-T3-S4,"For all pairs of irreducible representations V, W of S4: <chi_W, chi_V> = dim Hom_G(V, W) (dimension by Gaussian elimination).",computed_rigorous,certify.cert_orthogonality_vs_linear_algebra,verified,"36 ordered pairs, all equal"
E-L2-S3,For the permutation representation of S3: 1/|G| sum chi(g) = number of orbits = dim V^G.,computed_rigorous,certify.cert_fixed_points,verified,"1/|G| sum chi_perm(g) = 1, number of orbits = 1"
E-L2-D4,For the permutation representation of D4: 1/|G| sum chi(g) = number of orbits = dim V^G.,computed_rigorous,certify.cert_fixed_points,verified,"1/|G| sum chi_perm(g) = 1, number of orbits = 1"
E-L2-A4,For the permutation representation of A4: 1/|G| sum chi(g) = number of orbits = dim V^G.,computed_rigorous,certify.cert_fixed_points,verified,"1/|G| sum chi_perm(g) = 1, number of orbits = 1"
E-L2-S4,For the permutation representation of S4: 1/|G| sum chi(g) = number of orbits = dim V^G.,computed_rigorous,certify.cert_fixed_points,verified,"1/|G| sum chi_perm(g) = 1, number of orbits = 1"
E-L2-S3x,For the permutation representation of S3 on {0..4}: 1/|G| sum chi(g) = number of orbits = dim V^G.,computed_rigorous,certify.cert_fixed_points,verified,"1/|G| sum chi_perm(g) = 3, number of orbits = 3"
E-M,"Averaging the non-invariant projection E of Q^3 onto span(1,1,1) over S3 yields an S3-invariant projection with kernel {x : x1+x2+x3 = 0}.",computed_rigorous,certify.cert_maschke_example,verified,"E is not G-equivariant: True; P^2 = P: True; P rho(g) = rho(g) P for all g: True; P(1,1,1) = (1,1,1): True; P kills (1,-1,0) and (0,1,-1): True"
E-DQ,D4 and Q8 have the same character table but are not isomorphic.,computed_rigorous,certify.cert_same_table_not_isomorphic,verified,"tables equivalent: True; elements of order 2: D4 5, Q8 1"
L-1,Linear algebra: tr of an idempotent = rank; tr(f -> AfB) = trA trB; A^m = I => tr A^-1 = conj tr A.,proved_text,theorems.txt,proved,proof in theorems.txt
P-1,"Basic properties of characters (degree, class function, chi(g^-1) = conj chi(g), sums, Hom).",proved_text,theorems.txt + E-C1 E-C2 E-C3 E-C4 E-C5 E-C6 E-C7 E-C8 E-S3 E-D4 E-Q8 E-A4 E-S4,proved,proof in theorems.txt; checked on 13 certificates
T-1,Maschke: every invariant subspace has an invariant complement; complete reducibility.,proved_text,theorems.txt + E-M,proved,proof in theorems.txt; checked on 1 certificates
T-2,Schur: G-maps between irreducibles are 0 or isomorphisms; endomorphisms are scalars.,proved_text,theorems.txt + E-T3-S3 E-T3-S4,proved,proof in theorems.txt; checked on 2 certificates
C-1,Irreducible representations of abelian groups have degree 1.,proved_text,theorems.txt + E-C1 E-C2 E-C3 E-C4 E-C5 E-C6 E-C7 E-C8,proved,proof in theorems.txt; checked on 8 certificates
L-2,dim V^G = 1/|G| sum chi_V(g).,proved_text,theorems.txt + E-L2-S3 E-L2-D4 E-L2-A4 E-L2-S4 E-L2-S3x,proved,proof in theorems.txt; checked on 5 certificates
T-3,"dim Hom_G(V, W) = <chi_W, chi_V>.",proved_text,theorems.txt + E-T3-S3 E-T3-S4,proved,proof in theorems.txt; checked on 2 certificates
C-2,"Orthonormality of irreducible characters, multiplicities, irreducibility criterion <chi,chi> = 1.",proved_text,theorems.txt + E-C1 E-C2 E-C3 E-C4 E-C5 E-C6 E-C7 E-C8 E-S3 E-D4 E-Q8 E-A4 E-S4,proved,proof in theorems.txt; checked on 13 certificates
P-2,Regular representation: each irreducible occurs dim V times; sum dim^2 = |G|.,proved_text,theorems.txt + E-C1 E-C2 E-C3 E-C4 E-C5 E-C6 E-C7 E-C8 E-S3 E-D4 E-Q8 E-A4 E-S4,proved,proof in theorems.txt; checked on 13 certificates
T-4,Irreducible characters form an orthonormal basis of class functions; #irreducibles = #classes.,proved_text,theorems.txt + E-C1 E-C2 E-C3 E-C4 E-C5 E-C6 E-C7 E-C8 E-S3 E-D4 E-Q8 E-A4 E-S4,proved,proof in theorems.txt; checked on 13 certificates
L-3,|K| |C_G(g)| = |G| for the conjugacy class K of g.,proved_text,theorems.txt,proved,proof in theorems.txt
T-5,Column orthogonality: sum_i chi_i(g) conj chi_i(g') = |C_G(g)| delta_{g ~ g'}.,proved_text,theorems.txt + E-C1 E-C2 E-C3 E-C4 E-C5 E-C6 E-C7 E-C8 E-S3 E-D4 E-Q8 E-A4 E-S4,proved,proof in theorems.txt; checked on 13 certificates
P-3,"Irreducible representations of C_n are chi_j(c^k) = zeta^(jk), j = 0..n-1.",proved_text,theorems.txt + E-C1 E-C2 E-C3 E-C4 E-C5 E-C6 E-C7 E-C8,proved,proof in theorems.txt; checked on 8 certificates
