claim_id,text,level,evidence_run_ids,status
C-lit1,"Literature: Jeder Ansatz, der Attention durch subquadratische Heuristiken oder Alternativen wie Mamba ersetzt, kann die Dokumentähnlichkeitsaufgabe unter der Annahme einer populären Hypothese der feingranularen Komplexitätstheorie nicht in truly subquadratischer Zeit lösen. (verbatim quote checked by code: ""we prove that this task cannot be performed in truly subquadratic time by any algorithm"", arXiv:2410.04271v2)",observed,,confirmed
C-lit2,"Literature: Der Beweis der unteren Schranke stützt sich auf eine nicht bewiesene, aber verbreitete Annahme aus der feingranularen Komplexitätstheorie. (verbatim quote checked by code: ""assuming a popular conjecture from fine-grained complexity theory"", arXiv:2410.04271v2)",observed,,confirmed
C-lit3,"Literature: Lizard ersetzt die Softmax-Attention durch einen subquadratischen Mechanismus, der die Softmax-Attention eng approximiert und dabei die Modellqualität erhält. (verbatim quote checked by code: ""introducing a subquadratic attention mechanism that closely approximates softmax attention while preserving model quality"", arXiv:2507.09025v4)",observed,,confirmed
C-lit4,"Literature: Lizard erreicht nahezu verlustfreie Wiederherstellung der Leistung des Lehrermodells und übertrifft frühere Linearisierungsverfahren deutlich im 5-shot-MMLU-Benchmark. (verbatim quote checked by code: ""Lizard achieves near-lossless recovery of its teacher model's performance"", arXiv:2507.09025v4)",observed,,confirmed
C-lit5,"Literature: Scatterbrain kombiniert spärliche und niedrigrangige Attention; die Schätzung ist erwartungstreu mit nachweislich kleinem Fehler. (verbatim quote checked by code: ""The estimation is unbiased with provably low error."", arXiv:2110.15343v1)",observed,,confirmed
C-lit6,"Literature: Auf einem vortrainierten T2T-Vision-Transformer reduziert Scatterbrain den Attention-Speicherbedarf um 98 % bei nur 1 % Genauigkeitsverlust. (verbatim quote checked by code: ""Scatterbrain can reduce 98% of attention memory at the cost of only 1% drop in accuracy"", arXiv:2110.15343v1)",observed,,confirmed
C-lit7,"Literature: ELSAA führt einen nenneradaptiven Fusionsterm ein, der den spärlichen Zweig anhand seiner geschätzten Attention-Masse relativ zum niedrigrangigen Zweig skaliert. (verbatim quote checked by code: ""introduces a denominator-aware fusion term that scales the sparse branch according to its estimated attention mass relative to the low-rank branch"", arXiv:2607.20214v1)",observed,,confirmed
C-lit8,"Literature: Für lange Eingabesequenzen (über 512 Tokens) eignet sich Linformer laut Autoren besser zur Effizienzsteigerung als der Low-Rank Transformer. (verbatim quote checked by code: ""the Linformer model is suitable for improving the efficiency in processing long-sequence input data"", arXiv:2108.10808v1)",observed,,confirmed
C-lit9,"Literature: Die analytische Low-Rank-Methode A3 verkleinert Modelle, KV-Cache und FLOPs direkt, ohne zusätzliche Laufzeit-Overheads. (verbatim quote checked by code: ""This approach directly reduces model sizes, KV cache sizes, and FLOPs without introducing any runtime overheads."", arXiv:2505.12942v4)",observed,,confirmed
C-lit10,"Literature: Bei gleichem Rechen- und Speicherbudget erreicht das mit A3 komprimierte LLaMA 3.1-70B auf WikiText-2 eine Perplexität von 4.69 und schlägt damit den bisherigen SoTA-Wert von 7.87. (verbatim quote checked by code: ""For example, under the same reduction budget in computation and memory, our low-rank approximated LLaMA 3.1-70B achieves a perplexity of 4.69 on WikiText-2, outperforming the previous SoTA's 7.87 by 3.18."", arXiv:2505.12942v4)",observed,,confirmed
C-lit11,"Literature: Die Autoren zeigen Anwendungen von A3 bei der KV-Cache-Kompression, bei Quantisierung, Feinabstimmung und gemischten Rangzuweisungen. (verbatim quote checked by code: ""We also show versatile applications of $A^3$ in KV cache compression, integration with quantization, fine-tuning and mixed-rank assignments."", arXiv:2505.12942v4)",observed,,confirmed
C-lit12,"Literature: Die vorgestellte Nyström-basierte Formulierung der Scaled Dot-product Attention eignet sich für kontinuierliche Inferenz bei Datenströmen. (verbatim quote checked by code: ""we introduce a new formulation of the Scaled Dot-product Attention based on the Nyström approximation that is suitable for Continual Inference."", doi:10.1016/j.neunet.2025.108517)",observed,,confirmed
C-lit13,"Literature: In Experimenten senkt die kontinuierliche Nyström-Attention die Anzahl der Operationen um bis zu drei Größenordnungen, bei vergleichbarer Vorhersageleistung. (verbatim quote checked by code: ""the proposed Continual Scaled Dot-product Attention can lower the number of operations by up to three orders of magnitude compared to the original Transformers while retaining the predictive performance of competing models."", doi:10.1016/j.neunet.2025.108517)",observed,,confirmed
C-lit14,"Literature: Der deterministische Co-occurring-Directions-Algorithmus erreicht für die approximative Matrixmultiplikation eine bessere Fehlerschranke als andere randomisierte und deterministische Verfahren. (verbatim quote checked by code: ""We show that co-occuring directions achieves a better error bound for AMM than other randomized and deterministic approaches for AMM."", arXiv:1610.07686v1)",observed,,confirmed
C-lit15,"Literature: Ein datengetriebenes Bootstrap-Verfahren schätzt den tatsächlichen Fehler gesketchter SVD-Ergebnisse, ohne die volle Matrix erneut zu durchlaufen. (verbatim quote checked by code: ""Furthermore, the method is computationally inexpensive, because it operates only on sketched objects, and it requires no passes over the full matrix being factored."", arXiv:2003.04937v1)",observed,,confirmed
C-lit16,"Literature: Die vorgestellten Sketching-Algorithmen liefern jeweils eine Fehlerschranke, mit der sich Parameter a priori so wählen lassen, dass eine gewünschte Approximationsqualität erreicht wird. (verbatim quote checked by code: ""each method is accompanied by an informative error bound that allows users to select parameters a priori to achieve a given approximation quality."", arXiv:1609.00048v2)",observed,,confirmed
C-lit17,"Literature: PolyKV teilt einen einzigen, asymmetrisch komprimierten KV-Cache-Pool über mehrere parallele Agenten, wobei Keys mit int8 und Values mit TurboQuant MSE (3-Bit Lloyd-Max nach FWHT-Rotation) quantisiert werden. (verbatim quote checked by code: ""Compression is asymmetric: Keys are quantized at int8 (q8_0) to preserve softmax stability, while Values are compressed using TurboQuant MSE"", arXiv:2604.24971v1)",observed,,confirmed
C-lit18,"Literature: Auf Llama-3-8B mit 15 Agenten und 4K-Kontext sinkt der KV-Cache-Speicher von 19,8 GB auf 0,45 GB (97,7 % Reduktion) bei nur +0,57 % Perplexitätsverlust. (verbatim quote checked by code: ""reduces KV cache memory from 19.8 GB to 0.45 GB -- a 97.7% reduction -- while maintaining only +0.57% perplexity degradation"", arXiv:2604.24971v1)",observed,,confirmed
C-lit19,"Literature: Die Perplexitätsverschlechterung wächst laut den Autoren nicht mit der Anzahl der Agenten, sondern verbessert sich mit zunehmender Kontextlänge. (verbatim quote checked by code: ""PPL delta does not grow with agent count and improves as context length increases"", arXiv:2604.24971v1)",observed,,confirmed
C-lit20,"Literature: WitCert liefert eine beweisbar korrekte Obergrenze für die Totalvariation zwischen exakter und komprimierter Attention pro Schicht, Kopf und Schritt, die als Laufzeit-Messgerät dient. (verbatim quote checked by code: ""a per-(layer, head, step) upper bound on the total variation between exact and compressed attention"", arXiv:2607.28699v3)",observed,,confirmed
C-lit21,"Literature: Die Autoren zeigen, dass aggressive KV-Quantisierungsschemata weniger durch Treue pro Schritt, sondern durch die Fehlerkompensation über Schichten hinweg überleben. (verbatim quote checked by code: ""aggressive schemes survive on cross-layer error cancellation, not per-step fidelity"", arXiv:2607.28699v3)",observed,,confirmed
C-lit22,"Literature: Ein zertifizierter INT8-Cache bedient in SGLang bei gleichem Speicherbedarf 1,88-mal so viele KV-Tokens. (verbatim quote checked by code: ""the certified int8 cache serves $1.88\times$ more KV tokens at the same memory in SGLang"", arXiv:2607.28699v3)",observed,,confirmed
C-lit23,"Literature: CommVQ verwendet additive Quantisierung mit einem Codebuch, das mit RoPE kommutiert, sodass die Dekodierung direkt in die Self-Attention integriert werden kann. (verbatim quote checked by code: ""we design the codebook to be commutative with Rotary Position Embedding (RoPE) and train it using an Expectation-Maximization (EM) algorithm"", arXiv:2506.18879v1)",observed,,confirmed
C-lit24,"Literature: CommVQ reduziert die FP16-KV-Cache-Größe mit 2-Bit-Quantisierung um 87,5 % und ermöglicht 1-Bit-Quantisierung mit geringem Genauigkeitsverlust. (verbatim quote checked by code: ""reduces FP16 KV cache size by 87.5% with 2-bit quantization"", arXiv:2506.18879v1)",observed,,confirmed
C-lit25,"Literature: Palu komprimiert den KV-Cache durch Low-Rank-Projektion der Hidden-Dimension um 50 % bei starker Genauigkeit, statt Token auszuwählen oder die Bitbreite zu senken. (verbatim quote checked by code: ""Palu compresses KV-Cache by 50% while maintaining strong accuracy"", arXiv:2407.21118v2)",observed,,confirmed
C-lit26,"Literature: Bei Kombination mit Quantisierung verursacht Palu laut den Autoren nur geringe zusätzliche Genauigkeitsverluste und spart mehr Speicher als reine Quantisierungsverfahren. (verbatim quote checked by code: ""yields small to negligible extra accuracy degradation while saving additional memory than quantization-only methods"", arXiv:2407.21118v2)",observed,,confirmed
C-lit27,"Literature: Residual Vector Quantization für den KV-Cache erreicht eine 5,5-fache Kompression gegenüber Half Precision, wobei eine Residualtiefe von 8 den Großteil der Leistung des unkomprimierten Modells wiederherstellt. (verbatim quote checked by code: ""a residual depth of 8 recovers most of the performance of the unquantized model"", arXiv:2410.15704v1)",observed,,confirmed
C-lit28,"Literature: DecoQuant ist eine datenfreie Niedrigbit-Quantisierung, die Ausreißer durch Tensorzerlegung verschiebt und so bis zu ~75 % Speicherreduktion ohne Kalibrierungsdaten ermöglicht. (verbatim quote checked by code: ""DecoQuant demonstrates remarkable efficiency gains, showcasing up to a $\sim$75\% reduction in memory footprint while maintaining comparable generation quality"", arXiv:2405.12591v1)",observed,,confirmed
C-lit29,"Literature: Offen bleibt, ob sich die datenfreie Zerlegung mit Ausreißer-Verschiebung auf Modelle außerhalb der untersuchten Setups übertragen lässt, da der Abstract dazu keine Aussagen trifft. (verbatim quote checked by code: ""To compress the size of KV cache, existing methods often compromise precision or require extra data for calibration"", arXiv:2405.12591v1)",observed,,confirmed
C-lit30,"Literature: CLLA komprimiert den KV-Cache auf unter 2 % der Originalgröße, indem es Attention-Head-/Dimensionsreduktion, Layer-Sharing und Quantisierung kombiniert, und erreicht dabei auf den meisten Aufgaben verlustfreie Leistung. (verbatim quote checked by code: ""CLLA integrates multiple aspects of KV cache compression, including attention head/dimension reduction, layer sharing, and quantization techniques"", arXiv:2410.15252v1)",observed,,confirmed
C-lab,The agentic lab ran 0 rounds and produced 0 verified claims and 0 negative results at a cost of 0.00 USD; every round was preregistered before its experiments.,observed,,confirmed
C-T-deg-1-1e-2,"The minimal degree of a polynomial approximating e^x on [-1, 1] with relative error at most 1e-2 is exactly 3 (rigorous upper and lower certificates). Verifier: min degree = 3: degree 3 achieves rigorous sup error <= 5.013935e-03 <= eps; every degree-2 polynomial has sup error >= 3.974012e-02 > eps (de la Vallee Poussin). For comparison, the Taylor polynomial at 0 needs degree 5 (grid estimate, observed).",computed_rigorous,deg-B1-eps1e-2,confirmed
C-T-deg-2-1e-2,"The minimal degree of a polynomial approximating e^x on [-2, 2] with relative error at most 1e-2 is exactly 5 (rigorous upper and lower certificates). Verifier: min degree = 5: degree 5 achieves rigorous sup error <= 2.540654e-03 <= eps; every degree-4 polynomial has sup error >= 1.449612e-02 > eps (de la Vallee Poussin). For comparison, the Taylor polynomial at 0 needs degree 8 (grid estimate, observed).",computed_rigorous,deg-B2-eps1e-2,confirmed
C-T-deg-4-1e-2,"The minimal degree of a polynomial approximating e^x on [-4, 4] with relative error at most 1e-2 is exactly 7 (rigorous upper and lower certificates). Verifier: min degree = 7: degree 7 achieves rigorous sup error <= 8.995989e-03 <= eps; every degree-6 polynomial has sup error >= 3.258147e-02 > eps (de la Vallee Poussin). For comparison, the Taylor polynomial at 0 needs degree 15 (grid estimate, observed).",computed_rigorous,deg-B4-eps1e-2,confirmed
C-T-deg-8-1e-2,"The minimal degree of a polynomial approximating e^x on [-8, 8] with relative error at most 1e-2 is exactly 12 (rigorous upper and lower certificates). Verifier: min degree = 12: degree 12 achieves rigorous sup error <= 9.952428e-03 <= eps; every degree-11 polynomial has sup error >= 2.168056e-02 > eps (de la Vallee Poussin). For comparison, the Taylor polynomial at 0 needs degree 30 (grid estimate, observed).",computed_rigorous,deg-B8-eps1e-2,confirmed
C-T-deg-16-1e-2,"The minimal degree of a polynomial approximating e^x on [-16, 16] with relative error at most 1e-2 is exactly 21 (rigorous upper and lower certificates). Verifier: min degree = 21: degree 21 achieves rigorous sup error <= 9.961344e-03 <= eps; every degree-20 polynomial has sup error >= 1.909764e-02 > eps (de la Vallee Poussin). For comparison, the Taylor polynomial at 0 needs degree 58 (grid estimate, observed).",computed_rigorous,deg-B16-eps1e-2,confirmed
C-T-deg-1-1e-3,"The minimal degree of a polynomial approximating e^x on [-1, 1] with relative error at most 1e-3 is exactly 4 (rigorous upper and lower certificates). Verifier: min degree = 4: degree 4 achieves rigorous sup error <= 5.063864e-04 <= eps; every degree-3 polynomial has sup error >= 5.003884e-03 > eps (de la Vallee Poussin). For comparison, the Taylor polynomial at 0 needs degree 6 (grid estimate, observed).",computed_rigorous,deg-B1-eps1e-3,confirmed
C-T-deg-2-1e-3,"The minimal degree of a polynomial approximating e^x on [-2, 2] with relative error at most 1e-3 is exactly 6 (rigorous upper and lower certificates). Verifier: min degree = 6: degree 6 achieves rigorous sup error <= 3.930598e-04 <= eps; every degree-5 polynomial has sup error >= 2.456445e-03 > eps (de la Vallee Poussin). For comparison, the Taylor polynomial at 0 needs degree 10 (grid estimate, observed).",computed_rigorous,deg-B2-eps1e-3,confirmed
C-T-deg-4-1e-3,"The minimal degree of a polynomial approximating e^x on [-4, 4] with relative error at most 1e-3 is exactly 9 (rigorous upper and lower certificates). Verifier: min degree = 9: degree 9 achieves rigorous sup error <= 8.674755e-04 <= eps; every degree-8 polynomial has sup error >= 1.960832e-03 > eps (de la Vallee Poussin). For comparison, the Taylor polynomial at 0 needs degree 17 (grid estimate, observed).",computed_rigorous,deg-B4-eps1e-3,confirmed
C-T-deg-8-1e-3,"The minimal degree of a polynomial approximating e^x on [-8, 8] with relative error at most 1e-3 is exactly 14 (rigorous upper and lower certificates). Verifier: min degree = 14: degree 14 achieves rigorous sup error <= 9.099473e-04 <= eps; every degree-13 polynomial has sup error >= 2.218050e-03 > eps (de la Vallee Poussin). For comparison, the Taylor polynomial at 0 needs degree 31 (grid estimate, observed).",computed_rigorous,deg-B8-eps1e-3,confirmed
C-T-deg-16-1e-3,"The minimal degree of a polynomial approximating e^x on [-16, 16] with relative error at most 1e-3 is exactly 24 (rigorous upper and lower certificates). Verifier: min degree = 24: degree 24 achieves rigorous sup error <= 8.679647e-04 <= eps; every degree-23 polynomial has sup error >= 1.164932e-03 > eps (de la Vallee Poussin). For comparison, the Taylor polynomial at 0 needs degree 60 (grid estimate, observed).",computed_rigorous,deg-B16-eps1e-3,confirmed
C-T-deg-1-1e-6,"The minimal degree of a polynomial approximating e^x on [-1, 1] with relative error at most 1e-6 is exactly 7 (rigorous upper and lower certificates). Verifier: min degree = 7: degree 7 achieves rigorous sup error <= 2.104207e-07 <= eps; every degree-6 polynomial has sup error >= 3.016502e-06 > eps (de la Vallee Poussin). For comparison, the Taylor polynomial at 0 needs degree 9 (grid estimate, observed).",computed_rigorous,deg-B1-eps1e-6,confirmed
C-T-deg-2-1e-6,"The minimal degree of a polynomial approximating e^x on [-2, 2] with relative error at most 1e-6 is exactly 9 (rigorous upper and lower certificates). Verifier: min degree = 9: degree 9 achieves rigorous sup error <= 7.951380e-07 <= eps; every degree-8 polynomial has sup error >= 5.035840e-06 > eps (de la Vallee Poussin). For comparison, the Taylor polynomial at 0 needs degree 14 (grid estimate, observed).",computed_rigorous,deg-B2-eps1e-6,confirmed
C-T-deg-4-1e-6,"The minimal degree of a polynomial approximating e^x on [-4, 4] with relative error at most 1e-6 is exactly 13 (rigorous upper and lower certificates). Verifier: min degree = 13: degree 13 achieves rigorous sup error <= 5.406843e-07 <= eps; every degree-12 polynomial has sup error >= 2.014280e-06 > eps (de la Vallee Poussin). For comparison, the Taylor polynomial at 0 needs degree 21 (grid estimate, observed).",computed_rigorous,deg-B4-eps1e-6,confirmed
C-T-deg-8-1e-6,"The minimal degree of a polynomial approximating e^x on [-8, 8] with relative error at most 1e-6 is exactly 19 (rigorous upper and lower certificates). Verifier: min degree = 19: degree 19 achieves rigorous sup error <= 9.564460e-07 <= eps; every degree-18 polynomial has sup error >= 2.088318e-06 > eps (de la Vallee Poussin). For comparison, the Taylor polynomial at 0 needs degree 36 (grid estimate, observed).",computed_rigorous,deg-B8-eps1e-6,confirmed
C-T-deg-16-1e-6,"The minimal degree of a polynomial approximating e^x on [-16, 16] with relative error at most 1e-6 is exactly 30 (rigorous upper and lower certificates). Verifier: min degree = 30: degree 30 achieves rigorous sup error <= 7.693641e-07 <= eps; every degree-29 polynomial has sup error >= 1.191825e-06 > eps (de la Vallee Poussin). For comparison, the Taylor polynomial at 0 needs degree 65 (grid estimate, observed).",computed_rigorous,deg-B16-eps1e-6,confirmed
C-T-rank-16-1,"With head dimension h = 16, logit bound B = 1 and relative error 1e-3, the certified minimal degree is d* = 4 and the polynomial-method rank is C(h + d*, d*) = 4845, so it is below n only for context lengths n > 4845.",computed_rigorous,deg-B1-eps1e-3,confirmed
C-T-rank-64-1,"With head dimension h = 64, logit bound B = 1 and relative error 1e-3, the certified minimal degree is d* = 4 and the polynomial-method rank is C(h + d*, d*) = 814385, so it is below n only for context lengths n > 814385.",computed_rigorous,deg-B1-eps1e-3,confirmed
C-T-rank-128-1,"With head dimension h = 128, logit bound B = 1 and relative error 1e-3, the certified minimal degree is d* = 4 and the polynomial-method rank is C(h + d*, d*) = 12082785, so it is below n only for context lengths n > 12082785.",computed_rigorous,deg-B1-eps1e-3,confirmed
C-T-rank-16-4,"With head dimension h = 16, logit bound B = 4 and relative error 1e-3, the certified minimal degree is d* = 9 and the polynomial-method rank is C(h + d*, d*) = 2042975, so it is below n only for context lengths n > 2042975.",computed_rigorous,deg-B4-eps1e-3,confirmed
C-T-rank-64-4,"With head dimension h = 64, logit bound B = 4 and relative error 1e-3, the certified minimal degree is d* = 9 and the polynomial-method rank is C(h + d*, d*) = 97082021465, so it is below n only for context lengths n > 97082021465.",computed_rigorous,deg-B4-eps1e-3,confirmed
C-T-rank-128-4,"With head dimension h = 128, logit bound B = 4 and relative error 1e-3, the certified minimal degree is d* = 9 and the polynomial-method rank is C(h + d*, d*) = 35823246375345, so it is below n only for context lengths n > 35823246375345.",computed_rigorous,deg-B4-eps1e-3,confirmed
C-T-rank-16-16,"With head dimension h = 16, logit bound B = 16 and relative error 1e-3, the certified minimal degree is d* = 24 and the polynomial-method rank is C(h + d*, d*) = 62852101650, so it is below n only for context lengths n > 62852101650.",computed_rigorous,deg-B16-eps1e-3,confirmed
C-T-rank-64-16,"With head dimension h = 64, logit bound B = 16 and relative error 1e-3, the certified minimal degree is d* = 24 and the polynomial-method rank is C(h + d*, d*) = 2356029404781266567925, so it is below n only for context lengths n > 2356029404781266567925.",computed_rigorous,deg-B16-eps1e-3,confirmed
C-T-rank-128-16,"With head dimension h = 128, logit bound B = 16 and relative error 1e-3, the certified minimal degree is d* = 24 and the polynomial-method rank is C(h + d*, d*) = 5480853356994078959425864425, so it is below n only for context lengths n > 5480853356994078959425864425.",computed_rigorous,deg-B16-eps1e-3,confirmed
C-T-rank-check,"For head dimension h = 64, logits bounded by 4 and entrywise relative error 1e-3, the polynomial-method factorisation built from the minimal-degree approximation of e^x has rank exactly 97082021465 (certified minimal degree). Verifier: rank 97082021465 = C(64+9,9); min degree = 9: degree 9 achieves rigorous sup error <= 8.674755e-04 <= eps; every degree-8 polynomial has sup error >= 1.960832e-03 > eps (de la Vallee Poussin)",computed_rigorous,deg-B4-eps1e-3,confirmed
C-T-md-setup,"Multi-draft study (exploratory: computed before the preregistration, but every value is exact and certified): instances: seeds 0..149, V = 3 + seed mod 3, family alternates dirichlet/zipf, denominators 1000; all values exact. For every instance and k in {2, 3} the exact optimal lossless acceptance (iid and without-replacement drafts) and the exact acceptance of rrs_iid and rrs_wor were computed and each value passed the verifier.",computed_rigorous,md-s0-k2;md-s0-k3;md-s1-k2;md-s1-k3;md-s2-k2;md-s2-k3;md-s3-k2;md-s3-k3;md-s4-k2;md-s4-k3;md-s5-k2;md-s5-k3;md-s6-k2;md-s6-k3;md-s7-k2;md-s7-k3;md-s8-k2;md-s8-k3;md-s9-k2;md-s9-k3;md-s10-k2;md-s10-k3;md-s11-k2;md-s11-k3;md-s12-k2;md-s12-k3;md-s13-k2;md-s13-k3;md-s14-k2;md-s14-k3;md-s15-k2;md-s15-k3;md-s16-k2;md-s16-k3;md-s17-k2;md-s17-k3;md-s18-k2;md-s18-k3;md-s19-k2;md-s19-k3;md-s20-k2;md-s20-k3;md-s21-k2;md-s21-k3;md-s22-k2;md-s22-k3;md-s23-k2;md-s23-k3;md-s24-k2;md-s24-k3;md-s25-k2;md-s25-k3;md-s26-k2;md-s26-k3;md-s27-k2;md-s27-k3;md-s28-k2;md-s28-k3;md-s29-k2;md-s29-k3;md-s30-k2;md-s30-k3;md-s31-k2;md-s31-k3;md-s32-k2;md-s32-k3;md-s33-k2;md-s33-k3;md-s34-k2;md-s34-k3;md-s35-k2;md-s35-k3;md-s36-k2;md-s36-k3;md-s37-k2;md-s37-k3;md-s38-k2;md-s38-k3;md-s39-k2;md-s39-k3;md-s40-k2;md-s40-k3;md-s41-k2;md-s41-k3;md-s42-k2;md-s42-k3;md-s43-k2;md-s43-k3;md-s44-k2;md-s44-k3;md-s45-k2;md-s45-k3;md-s46-k2;md-s46-k3;md-s47-k2;md-s47-k3;md-s48-k2;md-s48-k3;md-s49-k2;md-s49-k3;md-s50-k2;md-s50-k3;md-s51-k2;md-s51-k3;md-s52-k2;md-s52-k3;md-s53-k2;md-s53-k3;md-s54-k2;md-s54-k3;md-s55-k2;md-s55-k3;md-s56-k2;md-s56-k3;md-s57-k2;md-s57-k3;md-s58-k2;md-s58-k3;md-s59-k2;md-s59-k3;md-s60-k2;md-s60-k3;md-s61-k2;md-s61-k3;md-s62-k2;md-s62-k3;md-s63-k2;md-s63-k3;md-s64-k2;md-s64-k3;md-s65-k2;md-s65-k3;md-s66-k2;md-s66-k3;md-s67-k2;md-s67-k3;md-s68-k2;md-s68-k3;md-s69-k2;md-s69-k3;md-s70-k2;md-s70-k3;md-s71-k2;md-s71-k3;md-s72-k2;md-s72-k3;md-s73-k2;md-s73-k3;md-s74-k2;md-s74-k3;md-s75-k2;md-s75-k3;md-s76-k2;md-s76-k3;md-s77-k2;md-s77-k3;md-s78-k2;md-s78-k3;md-s79-k2;md-s79-k3;md-s80-k2;md-s80-k3;md-s81-k2;md-s81-k3;md-s82-k2;md-s82-k3;md-s83-k2;md-s83-k3;md-s84-k2;md-s84-k3;md-s85-k2;md-s85-k3;md-s86-k2;md-s86-k3;md-s87-k2;md-s87-k3;md-s88-k2;md-s88-k3;md-s89-k2;md-s89-k3;md-s90-k2;md-s90-k3;md-s91-k2;md-s91-k3;md-s92-k2;md-s92-k3;md-s93-k2;md-s93-k3;md-s94-k2;md-s94-k3;md-s95-k2;md-s95-k3;md-s96-k2;md-s96-k3;md-s97-k2;md-s97-k3;md-s98-k2;md-s98-k3;md-s99-k2;md-s99-k3;md-s100-k2;md-s100-k3;md-s101-k2;md-s101-k3;md-s102-k2;md-s102-k3;md-s103-k2;md-s103-k3;md-s104-k2;md-s104-k3;md-s105-k2;md-s105-k3;md-s106-k2;md-s106-k3;md-s107-k2;md-s107-k3;md-s108-k2;md-s108-k3;md-s109-k2;md-s109-k3;md-s110-k2;md-s110-k3;md-s111-k2;md-s111-k3;md-s112-k2;md-s112-k3;md-s113-k2;md-s113-k3;md-s114-k2;md-s114-k3;md-s115-k2;md-s115-k3;md-s116-k2;md-s116-k3;md-s117-k2;md-s117-k3;md-s118-k2;md-s118-k3;md-s119-k2;md-s119-k3;md-s120-k2;md-s120-k3;md-s121-k2;md-s121-k3;md-s122-k2;md-s122-k3;md-s123-k2;md-s123-k3;md-s124-k2;md-s124-k3;md-s125-k2;md-s125-k3;md-s126-k2;md-s126-k3;md-s127-k2;md-s127-k3;md-s128-k2;md-s128-k3;md-s129-k2;md-s129-k3;md-s130-k2;md-s130-k3;md-s131-k2;md-s131-k3;md-s132-k2;md-s132-k3;md-s133-k2;md-s133-k3;md-s134-k2;md-s134-k3;md-s135-k2;md-s135-k3;md-s136-k2;md-s136-k3;md-s137-k2;md-s137-k3;md-s138-k2;md-s138-k3;md-s139-k2;md-s139-k3;md-s140-k2;md-s140-k3;md-s141-k2;md-s141-k3;md-s142-k2;md-s142-k3;md-s143-k2;md-s143-k3;md-s144-k2;md-s144-k3;md-s145-k2;md-s145-k3;md-s146-k2;md-s146-k3;md-s147-k2;md-s147-k3;md-s148-k2;md-s148-k3;md-s149-k2;md-s149-k3,confirmed
C-T-md-k2,"For k = 2 drafts over 150 instances: rrs_iid attains the optimal iid acceptance on 5 instances; mean gap 0.0647, maximum gap 71243/500000 (= 0.1425). rrs_wor attains the optimal without-replacement acceptance on 5 instances; mean gap 0.0803, maximum gap 0.1767. The optimal without-replacement acceptance is at least the optimal iid acceptance on 150 of 150 instances; rrs_wor is at least rrs_iid on 150 of 150; rrs_wor is at least the OPTIMAL iid acceptance on 56 of 150.",computed_rigorous,md-s0-k2;md-s1-k2;md-s2-k2;md-s3-k2;md-s4-k2;md-s5-k2;md-s6-k2;md-s7-k2;md-s8-k2;md-s9-k2;md-s10-k2;md-s11-k2;md-s12-k2;md-s13-k2;md-s14-k2;md-s15-k2;md-s16-k2;md-s17-k2;md-s18-k2;md-s19-k2;md-s20-k2;md-s21-k2;md-s22-k2;md-s23-k2;md-s24-k2;md-s25-k2;md-s26-k2;md-s27-k2;md-s28-k2;md-s29-k2;md-s30-k2;md-s31-k2;md-s32-k2;md-s33-k2;md-s34-k2;md-s35-k2;md-s36-k2;md-s37-k2;md-s38-k2;md-s39-k2;md-s40-k2;md-s41-k2;md-s42-k2;md-s43-k2;md-s44-k2;md-s45-k2;md-s46-k2;md-s47-k2;md-s48-k2;md-s49-k2;md-s50-k2;md-s51-k2;md-s52-k2;md-s53-k2;md-s54-k2;md-s55-k2;md-s56-k2;md-s57-k2;md-s58-k2;md-s59-k2;md-s60-k2;md-s61-k2;md-s62-k2;md-s63-k2;md-s64-k2;md-s65-k2;md-s66-k2;md-s67-k2;md-s68-k2;md-s69-k2;md-s70-k2;md-s71-k2;md-s72-k2;md-s73-k2;md-s74-k2;md-s75-k2;md-s76-k2;md-s77-k2;md-s78-k2;md-s79-k2;md-s80-k2;md-s81-k2;md-s82-k2;md-s83-k2;md-s84-k2;md-s85-k2;md-s86-k2;md-s87-k2;md-s88-k2;md-s89-k2;md-s90-k2;md-s91-k2;md-s92-k2;md-s93-k2;md-s94-k2;md-s95-k2;md-s96-k2;md-s97-k2;md-s98-k2;md-s99-k2;md-s100-k2;md-s101-k2;md-s102-k2;md-s103-k2;md-s104-k2;md-s105-k2;md-s106-k2;md-s107-k2;md-s108-k2;md-s109-k2;md-s110-k2;md-s111-k2;md-s112-k2;md-s113-k2;md-s114-k2;md-s115-k2;md-s116-k2;md-s117-k2;md-s118-k2;md-s119-k2;md-s120-k2;md-s121-k2;md-s122-k2;md-s123-k2;md-s124-k2;md-s125-k2;md-s126-k2;md-s127-k2;md-s128-k2;md-s129-k2;md-s130-k2;md-s131-k2;md-s132-k2;md-s133-k2;md-s134-k2;md-s135-k2;md-s136-k2;md-s137-k2;md-s138-k2;md-s139-k2;md-s140-k2;md-s141-k2;md-s142-k2;md-s143-k2;md-s144-k2;md-s145-k2;md-s146-k2;md-s147-k2;md-s148-k2;md-s149-k2,confirmed
C-T-md-k2-worst,"For p = [""309/500"", ""177/500"", ""7/250""], q = [""373/1000"", ""29/50"", ""47/1000""] and k = 2, rrs_iid does not attain the optimal lossless acceptance for its draft mode (exact comparison with the certified optimum). Exact values: optimal 988871/1000000, rrs_iid 169277/200000 (instance seed 108).",computed_rigorous,md-s108-k2,confirmed
C-T-md-k3,"For k = 3 drafts over 150 instances: rrs_iid attains the optimal iid acceptance on 5 instances; mean gap 0.0947, maximum gap 42772867/250000000 (= 0.1711). rrs_wor attains the optimal without-replacement acceptance on 52 instances; mean gap 0.0572, maximum gap 0.1973. The optimal without-replacement acceptance is at least the optimal iid acceptance on 150 of 150 instances; rrs_wor is at least rrs_iid on 150 of 150; rrs_wor is at least the OPTIMAL iid acceptance on 88 of 150.",computed_rigorous,md-s0-k3;md-s1-k3;md-s2-k3;md-s3-k3;md-s4-k3;md-s5-k3;md-s6-k3;md-s7-k3;md-s8-k3;md-s9-k3;md-s10-k3;md-s11-k3;md-s12-k3;md-s13-k3;md-s14-k3;md-s15-k3;md-s16-k3;md-s17-k3;md-s18-k3;md-s19-k3;md-s20-k3;md-s21-k3;md-s22-k3;md-s23-k3;md-s24-k3;md-s25-k3;md-s26-k3;md-s27-k3;md-s28-k3;md-s29-k3;md-s30-k3;md-s31-k3;md-s32-k3;md-s33-k3;md-s34-k3;md-s35-k3;md-s36-k3;md-s37-k3;md-s38-k3;md-s39-k3;md-s40-k3;md-s41-k3;md-s42-k3;md-s43-k3;md-s44-k3;md-s45-k3;md-s46-k3;md-s47-k3;md-s48-k3;md-s49-k3;md-s50-k3;md-s51-k3;md-s52-k3;md-s53-k3;md-s54-k3;md-s55-k3;md-s56-k3;md-s57-k3;md-s58-k3;md-s59-k3;md-s60-k3;md-s61-k3;md-s62-k3;md-s63-k3;md-s64-k3;md-s65-k3;md-s66-k3;md-s67-k3;md-s68-k3;md-s69-k3;md-s70-k3;md-s71-k3;md-s72-k3;md-s73-k3;md-s74-k3;md-s75-k3;md-s76-k3;md-s77-k3;md-s78-k3;md-s79-k3;md-s80-k3;md-s81-k3;md-s82-k3;md-s83-k3;md-s84-k3;md-s85-k3;md-s86-k3;md-s87-k3;md-s88-k3;md-s89-k3;md-s90-k3;md-s91-k3;md-s92-k3;md-s93-k3;md-s94-k3;md-s95-k3;md-s96-k3;md-s97-k3;md-s98-k3;md-s99-k3;md-s100-k3;md-s101-k3;md-s102-k3;md-s103-k3;md-s104-k3;md-s105-k3;md-s106-k3;md-s107-k3;md-s108-k3;md-s109-k3;md-s110-k3;md-s111-k3;md-s112-k3;md-s113-k3;md-s114-k3;md-s115-k3;md-s116-k3;md-s117-k3;md-s118-k3;md-s119-k3;md-s120-k3;md-s121-k3;md-s122-k3;md-s123-k3;md-s124-k3;md-s125-k3;md-s126-k3;md-s127-k3;md-s128-k3;md-s129-k3;md-s130-k3;md-s131-k3;md-s132-k3;md-s133-k3;md-s134-k3;md-s135-k3;md-s136-k3;md-s137-k3;md-s138-k3;md-s139-k3;md-s140-k3;md-s141-k3;md-s142-k3;md-s143-k3;md-s144-k3;md-s145-k3;md-s146-k3;md-s147-k3;md-s148-k3;md-s149-k3,confirmed
C-T-md-k3-worst,"For p = [""469/1000"", ""31/250"", ""407/1000""], q = [""201/1000"", ""11/40"", ""131/250""] and k = 3, rrs_iid does not attain the optimal lossless acceptance for its draft mode (exact comparison with the certified optimum). Exact values: optimal 1, rrs_iid 207227133/250000000 (instance seed 6).",computed_rigorous,md-s6-k3,confirmed
C-conj-wor,"Proposition (hand proof, not machine-checked): for every p, q and k, the optimal lossless acceptance with k drafts without replacement is at least the optimal acceptance with k iid drafts. Proof sketch: by max-flow/min-cut the optimum equals min over token sets H of 1 - p(H) + P(the draft set meets H); without replacement, each further draft avoids H with conditional probability (q(not H) - u)/(1 - u) <= q(not H), where u is the drafted mass so far, so P(avoid H) <= (1 - q(H))^k for every H. Consistent with the empirical report of Hu et al. 2025 [see C-lit-hu].",hypothesis,,open
C-conj-rrs,"Conjecture (supported only by the exhaustive table, no proof): rrs_wor accepts at least as often as rrs_iid for every p, q and k.",hypothesis,,open
C-T-gam-1_2-1_100,"With i.i.d. acceptance alpha = 1/2 and cost ratio c = 1/100, draft length 5 maximises the expected speedup over all g >= 0 (exact, tail-certified). Maximal expected speedup 1.8750.",computed_rigorous,gam-1_2-1_100,confirmed
C-T-gam-1_2-1_20,"With i.i.d. acceptance alpha = 1/2 and cost ratio c = 1/20, draft length 3 maximises the expected speedup over all g >= 0 (exact, tail-certified). Maximal expected speedup 1.6304.",computed_rigorous,gam-1_2-1_20,confirmed
C-T-gam-1_2-1_10,"With i.i.d. acceptance alpha = 1/2 and cost ratio c = 1/10, draft length 2 maximises the expected speedup over all g >= 0 (exact, tail-certified). Maximal expected speedup 1.4583.",computed_rigorous,gam-1_2-1_10,confirmed
C-T-gam-1_2-1_4,"With i.i.d. acceptance alpha = 1/2 and cost ratio c = 1/4, draft length 1 maximises the expected speedup over all g >= 0 (exact, tail-certified). Maximal expected speedup 1.2000.",computed_rigorous,gam-1_2-1_4,confirmed
C-T-gam-3_5-1_100,"With i.i.d. acceptance alpha = 3/5 and cost ratio c = 1/100, draft length 7 maximises the expected speedup over all g >= 0 (exact, tail-certified). Maximal expected speedup 2.2972.",computed_rigorous,gam-3_5-1_100,confirmed
C-T-gam-3_5-1_20,"With i.i.d. acceptance alpha = 3/5 and cost ratio c = 1/20, draft length 4 maximises the expected speedup over all g >= 0 (exact, tail-certified). Maximal expected speedup 1.9213.",computed_rigorous,gam-3_5-1_20,confirmed
C-T-gam-3_5-1_10,"With i.i.d. acceptance alpha = 3/5 and cost ratio c = 1/10, draft length 3 maximises the expected speedup over all g >= 0 (exact, tail-certified). Maximal expected speedup 1.6738.",computed_rigorous,gam-3_5-1_10,confirmed
C-T-gam-3_5-1_4,"With i.i.d. acceptance alpha = 3/5 and cost ratio c = 1/4, draft length 2 maximises the expected speedup over all g >= 0 (exact, tail-certified). Maximal expected speedup 1.3067.",computed_rigorous,gam-3_5-1_4,confirmed
C-T-gam-7_10-1_100,"With i.i.d. acceptance alpha = 7/10 and cost ratio c = 1/100, draft length 9 maximises the expected speedup over all g >= 0 (exact, tail-certified). Maximal expected speedup 2.9717.",computed_rigorous,gam-7_10-1_100,confirmed
C-T-gam-7_10-1_20,"With i.i.d. acceptance alpha = 7/10 and cost ratio c = 1/20, draft length 6 maximises the expected speedup over all g >= 0 (exact, tail-certified). Maximal expected speedup 2.3529.",computed_rigorous,gam-7_10-1_20,confirmed
C-T-gam-7_10-1_10,"With i.i.d. acceptance alpha = 7/10 and cost ratio c = 1/10, draft length 4 maximises the expected speedup over all g >= 0 (exact, tail-certified). Maximal expected speedup 1.9808.",computed_rigorous,gam-7_10-1_10,confirmed
C-T-gam-7_10-1_4,"With i.i.d. acceptance alpha = 7/10 and cost ratio c = 1/4, draft length 2 maximises the expected speedup over all g >= 0 (exact, tail-certified). Maximal expected speedup 1.4600.",computed_rigorous,gam-7_10-1_4,confirmed
C-T-gam-4_5-1_100,"With i.i.d. acceptance alpha = 4/5 and cost ratio c = 1/100, draft length 14 maximises the expected speedup over all g >= 0 (exact, tail-certified). Maximal expected speedup 4.2316.",computed_rigorous,gam-4_5-1_100,confirmed
C-T-gam-4_5-1_20,"With i.i.d. acceptance alpha = 4/5 and cost ratio c = 1/20, draft length 8 maximises the expected speedup over all g >= 0 (exact, tail-certified). Maximal expected speedup 3.0921.",computed_rigorous,gam-4_5-1_20,confirmed
C-T-gam-4_5-1_10,"With i.i.d. acceptance alpha = 4/5 and cost ratio c = 1/10, draft length 6 maximises the expected speedup over all g >= 0 (exact, tail-certified). Maximal expected speedup 2.4696.",computed_rigorous,gam-4_5-1_10,confirmed
C-T-gam-4_5-1_4,"With i.i.d. acceptance alpha = 4/5 and cost ratio c = 1/4, draft length 3 maximises the expected speedup over all g >= 0 (exact, tail-certified). Maximal expected speedup 1.6869.",computed_rigorous,gam-4_5-1_4,confirmed
C-T-gam-9_10-1_100,"With i.i.d. acceptance alpha = 9/10 and cost ratio c = 1/100, draft length 24 maximises the expected speedup over all g >= 0 (exact, tail-certified). Maximal expected speedup 7.4856.",computed_rigorous,gam-9_10-1_100,confirmed
C-T-gam-9_10-1_20,"With i.i.d. acceptance alpha = 9/10 and cost ratio c = 1/20, draft length 13 maximises the expected speedup over all g >= 0 (exact, tail-certified). Maximal expected speedup 4.6741.",computed_rigorous,gam-9_10-1_20,confirmed
C-T-gam-9_10-1_10,"With i.i.d. acceptance alpha = 9/10 and cost ratio c = 1/10, draft length 10 maximises the expected speedup over all g >= 0 (exact, tail-certified). Maximal expected speedup 3.4309.",computed_rigorous,gam-9_10-1_10,confirmed
C-T-gam-9_10-1_4,"With i.i.d. acceptance alpha = 9/10 and cost ratio c = 1/4, draft length 6 maximises the expected speedup over all g >= 0 (exact, tail-certified). Maximal expected speedup 2.0868.",computed_rigorous,gam-9_10-1_4,confirmed
C-T-gam-19_20-1_100,"With i.i.d. acceptance alpha = 19/20 and cost ratio c = 1/100, draft length 40 maximises the expected speedup over all g >= 0 (exact, tail-certified). Maximal expected speedup 12.5416.",computed_rigorous,gam-19_20-1_100,confirmed
C-T-gam-19_20-1_20,"With i.i.d. acceptance alpha = 19/20 and cost ratio c = 1/20, draft length 21 maximises the expected speedup over all g >= 0 (exact, tail-certified). Maximal expected speedup 6.5997.",computed_rigorous,gam-19_20-1_20,confirmed
C-T-gam-19_20-1_10,"With i.i.d. acceptance alpha = 19/20 and cost ratio c = 1/10, draft length 15 maximises the expected speedup over all g >= 0 (exact, tail-certified). Maximal expected speedup 4.4790.",computed_rigorous,gam-19_20-1_10,confirmed
C-T-gam-19_20-1_4,"With i.i.d. acceptance alpha = 19/20 and cost ratio c = 1/4, draft length 9 maximises the expected speedup over all g >= 0 (exact, tail-certified). Maximal expected speedup 2.4693.",computed_rigorous,gam-19_20-1_4,confirmed
C-T-kv-setup,"EXPLORATORY KV-cache study (before preregistration) on the synthetic attention model (n = 512, budget = 64, 20 fixed seeds 1000-1019); mean relative output error: recent 0.9912, sink_recent 0.8568, h2o 0.6597, random 0.9958, oracle 0.1526. All 10 pairwise comparisons were tested and corrected with Benjamini-Hochberg (q = 0.1).",observed,,confirmed
C-T-kv-sink_recent-recent,"sink_recent vs recent: error ratio 1.157 (95% CI 1.106-1.217), paired permutation p = 0.0000, BH-adjusted p = 0.0000; verifier check passed.",observed,,confirmed
C-T-kv-h2o-recent,"h2o vs recent: error ratio 1.503 (95% CI 1.412-1.609), paired permutation p = 0.0000, BH-adjusted p = 0.0000; verifier check passed.",observed,,confirmed
C-T-kv-recent-random,"recent vs random: error ratio 1.005 (95% CI 0.971-1.041), paired permutation p = 0.3995, BH-adjusted p = 0.3995; verifier check failed.",observed,,confirmed
C-T-kv-oracle-recent,"oracle vs recent: error ratio 6.494 (95% CI 5.875-7.210), paired permutation p = 0.0000, BH-adjusted p = 0.0000; verifier check passed.",observed,,confirmed
C-T-kv-h2o-sink_recent,"h2o vs sink_recent: error ratio 1.299 (95% CI 1.243-1.368), paired permutation p = 0.0000, BH-adjusted p = 0.0000; verifier check passed.",observed,,confirmed
C-T-kv-sink_recent-random,"sink_recent vs random: error ratio 1.162 (95% CI 1.104-1.227), paired permutation p = 0.0000, BH-adjusted p = 0.0000; verifier check passed.",observed,,confirmed
C-T-kv-oracle-sink_recent,"oracle vs sink_recent: error ratio 5.614 (95% CI 5.142-6.186), paired permutation p = 0.0000, BH-adjusted p = 0.0000; verifier check passed.",observed,,confirmed
C-T-kv-h2o-random,"h2o vs random: error ratio 1.510 (95% CI 1.419-1.610), paired permutation p = 0.0000, BH-adjusted p = 0.0000; verifier check passed.",observed,,confirmed
C-T-kv-oracle-h2o,"oracle vs h2o: error ratio 4.322 (95% CI 4.025-4.652), paired permutation p = 0.0000, BH-adjusted p = 0.0000; verifier check passed.",observed,,confirmed
C-T-kv-oracle-random,"oracle vs random: error ratio 6.525 (95% CI 5.917-7.202), paired permutation p = 0.0000, BH-adjusted p = 0.0000; verifier check passed.",observed,,confirmed
C-H1-primary,"Preregistered KV test primary (structured model, n = 1024, budget = 128, seeds 1000-1019): mean error h2o 0.7902 vs sink_recent 1.0809, ratio 1.368 (95% CI 1.307-1.437), paired permutation p = 0.0000, BH-adjusted p = 0.0000 (m = 7).",observed,kv-primary-h2o-1000;kv-primary-h2o-1001;kv-primary-h2o-1002;kv-primary-h2o-1003;kv-primary-h2o-1004;kv-primary-h2o-1005;kv-primary-h2o-1006;kv-primary-h2o-1007;kv-primary-h2o-1008;kv-primary-h2o-1009;kv-primary-h2o-1010;kv-primary-h2o-1011;kv-primary-h2o-1012;kv-primary-h2o-1013;kv-primary-h2o-1014;kv-primary-h2o-1015;kv-primary-h2o-1016;kv-primary-h2o-1017;kv-primary-h2o-1018;kv-primary-h2o-1019;kv-primary-sink_recent-1000;kv-primary-sink_recent-1001;kv-primary-sink_recent-1002;kv-primary-sink_recent-1003;kv-primary-sink_recent-1004;kv-primary-sink_recent-1005;kv-primary-sink_recent-1006;kv-primary-sink_recent-1007;kv-primary-sink_recent-1008;kv-primary-sink_recent-1009;kv-primary-sink_recent-1010;kv-primary-sink_recent-1011;kv-primary-sink_recent-1012;kv-primary-sink_recent-1013;kv-primary-sink_recent-1014;kv-primary-sink_recent-1015;kv-primary-sink_recent-1016;kv-primary-sink_recent-1017;kv-primary-sink_recent-1018;kv-primary-sink_recent-1019,confirmed
C-H1-secondary_a,"Preregistered KV test secondary_a (structured model, n = 1024, budget = 128, seeds 1000-1019): mean error sink_recent 1.0809 vs recent 1.2057, ratio 1.115 (95% CI 1.083-1.154), paired permutation p = 0.0000, BH-adjusted p = 0.0000 (m = 7).",observed,kv-secondary_a-sink_recent-1000;kv-secondary_a-sink_recent-1001;kv-secondary_a-sink_recent-1002;kv-secondary_a-sink_recent-1003;kv-secondary_a-sink_recent-1004;kv-secondary_a-sink_recent-1005;kv-secondary_a-sink_recent-1006;kv-secondary_a-sink_recent-1007;kv-secondary_a-sink_recent-1008;kv-secondary_a-sink_recent-1009;kv-secondary_a-sink_recent-1010;kv-secondary_a-sink_recent-1011;kv-secondary_a-sink_recent-1012;kv-secondary_a-sink_recent-1013;kv-secondary_a-sink_recent-1014;kv-secondary_a-sink_recent-1015;kv-secondary_a-sink_recent-1016;kv-secondary_a-sink_recent-1017;kv-secondary_a-sink_recent-1018;kv-secondary_a-sink_recent-1019;kv-secondary_a-recent-1000;kv-secondary_a-recent-1001;kv-secondary_a-recent-1002;kv-secondary_a-recent-1003;kv-secondary_a-recent-1004;kv-secondary_a-recent-1005;kv-secondary_a-recent-1006;kv-secondary_a-recent-1007;kv-secondary_a-recent-1008;kv-secondary_a-recent-1009;kv-secondary_a-recent-1010;kv-secondary_a-recent-1011;kv-secondary_a-recent-1012;kv-secondary_a-recent-1013;kv-secondary_a-recent-1014;kv-secondary_a-recent-1015;kv-secondary_a-recent-1016;kv-secondary_a-recent-1017;kv-secondary_a-recent-1018;kv-secondary_a-recent-1019,confirmed
C-H1-secondary_b,"Preregistered KV test secondary_b (structured model, n = 1024, budget = 128, seeds 1000-1019): mean error h2o 0.7902 vs random 1.2011, ratio 1.520 (95% CI 1.425-1.629), paired permutation p = 0.0000, BH-adjusted p = 0.0000 (m = 7).",observed,kv-secondary_b-h2o-1000;kv-secondary_b-h2o-1001;kv-secondary_b-h2o-1002;kv-secondary_b-h2o-1003;kv-secondary_b-h2o-1004;kv-secondary_b-h2o-1005;kv-secondary_b-h2o-1006;kv-secondary_b-h2o-1007;kv-secondary_b-h2o-1008;kv-secondary_b-h2o-1009;kv-secondary_b-h2o-1010;kv-secondary_b-h2o-1011;kv-secondary_b-h2o-1012;kv-secondary_b-h2o-1013;kv-secondary_b-h2o-1014;kv-secondary_b-h2o-1015;kv-secondary_b-h2o-1016;kv-secondary_b-h2o-1017;kv-secondary_b-h2o-1018;kv-secondary_b-h2o-1019;kv-secondary_b-random-1000;kv-secondary_b-random-1001;kv-secondary_b-random-1002;kv-secondary_b-random-1003;kv-secondary_b-random-1004;kv-secondary_b-random-1005;kv-secondary_b-random-1006;kv-secondary_b-random-1007;kv-secondary_b-random-1008;kv-secondary_b-random-1009;kv-secondary_b-random-1010;kv-secondary_b-random-1011;kv-secondary_b-random-1012;kv-secondary_b-random-1013;kv-secondary_b-random-1014;kv-secondary_b-random-1015;kv-secondary_b-random-1016;kv-secondary_b-random-1017;kv-secondary_b-random-1018;kv-secondary_b-random-1019,confirmed
C-H1-secondary_c,"Preregistered KV test secondary_c (structured model, n = 1024, budget = 128, seeds 1000-1019): mean error oracle 0.1223 vs h2o 0.7902, ratio 6.461 (95% CI 5.900-7.125), paired permutation p = 0.0000, BH-adjusted p = 0.0000 (m = 7).",observed,kv-secondary_c-oracle-1000;kv-secondary_c-oracle-1001;kv-secondary_c-oracle-1002;kv-secondary_c-oracle-1003;kv-secondary_c-oracle-1004;kv-secondary_c-oracle-1005;kv-secondary_c-oracle-1006;kv-secondary_c-oracle-1007;kv-secondary_c-oracle-1008;kv-secondary_c-oracle-1009;kv-secondary_c-oracle-1010;kv-secondary_c-oracle-1011;kv-secondary_c-oracle-1012;kv-secondary_c-oracle-1013;kv-secondary_c-oracle-1014;kv-secondary_c-oracle-1015;kv-secondary_c-oracle-1016;kv-secondary_c-oracle-1017;kv-secondary_c-oracle-1018;kv-secondary_c-oracle-1019;kv-secondary_c-h2o-1000;kv-secondary_c-h2o-1001;kv-secondary_c-h2o-1002;kv-secondary_c-h2o-1003;kv-secondary_c-h2o-1004;kv-secondary_c-h2o-1005;kv-secondary_c-h2o-1006;kv-secondary_c-h2o-1007;kv-secondary_c-h2o-1008;kv-secondary_c-h2o-1009;kv-secondary_c-h2o-1010;kv-secondary_c-h2o-1011;kv-secondary_c-h2o-1012;kv-secondary_c-h2o-1013;kv-secondary_c-h2o-1014;kv-secondary_c-h2o-1015;kv-secondary_c-h2o-1016;kv-secondary_c-h2o-1017;kv-secondary_c-h2o-1018;kv-secondary_c-h2o-1019,confirmed
C-H1-negctl_recent,"Preregistered KV test negctl_recent (NEGATIVE CONTROL, structure-free model, n = 1024, budget = 128, seeds 1000-1019): mean error recent 1.7379 vs random 1.7359, ratio 0.999 (95% CI 0.977-1.021), paired permutation p = 0.5420, BH-adjusted p = 0.6247 (m = 7).",observed,kv-negctl_recent-recent-1000;kv-negctl_recent-recent-1001;kv-negctl_recent-recent-1002;kv-negctl_recent-recent-1003;kv-negctl_recent-recent-1004;kv-negctl_recent-recent-1005;kv-negctl_recent-recent-1006;kv-negctl_recent-recent-1007;kv-negctl_recent-recent-1008;kv-negctl_recent-recent-1009;kv-negctl_recent-recent-1010;kv-negctl_recent-recent-1011;kv-negctl_recent-recent-1012;kv-negctl_recent-recent-1013;kv-negctl_recent-recent-1014;kv-negctl_recent-recent-1015;kv-negctl_recent-recent-1016;kv-negctl_recent-recent-1017;kv-negctl_recent-recent-1018;kv-negctl_recent-recent-1019;kv-negctl_recent-random-1000;kv-negctl_recent-random-1001;kv-negctl_recent-random-1002;kv-negctl_recent-random-1003;kv-negctl_recent-random-1004;kv-negctl_recent-random-1005;kv-negctl_recent-random-1006;kv-negctl_recent-random-1007;kv-negctl_recent-random-1008;kv-negctl_recent-random-1009;kv-negctl_recent-random-1010;kv-negctl_recent-random-1011;kv-negctl_recent-random-1012;kv-negctl_recent-random-1013;kv-negctl_recent-random-1014;kv-negctl_recent-random-1015;kv-negctl_recent-random-1016;kv-negctl_recent-random-1017;kv-negctl_recent-random-1018;kv-negctl_recent-random-1019,confirmed
C-H1-negctl_sink_recent,"Preregistered KV test negctl_sink_recent (NEGATIVE CONTROL, structure-free model, n = 1024, budget = 128, seeds 1000-1019): mean error sink_recent 1.7422 vs random 1.7359, ratio 0.996 (95% CI 0.974-1.018), paired permutation p = 0.6247, BH-adjusted p = 0.6247 (m = 7).",observed,kv-negctl_sink_recent-sink_recent-1000;kv-negctl_sink_recent-sink_recent-1001;kv-negctl_sink_recent-sink_recent-1002;kv-negctl_sink_recent-sink_recent-1003;kv-negctl_sink_recent-sink_recent-1004;kv-negctl_sink_recent-sink_recent-1005;kv-negctl_sink_recent-sink_recent-1006;kv-negctl_sink_recent-sink_recent-1007;kv-negctl_sink_recent-sink_recent-1008;kv-negctl_sink_recent-sink_recent-1009;kv-negctl_sink_recent-sink_recent-1010;kv-negctl_sink_recent-sink_recent-1011;kv-negctl_sink_recent-sink_recent-1012;kv-negctl_sink_recent-sink_recent-1013;kv-negctl_sink_recent-sink_recent-1014;kv-negctl_sink_recent-sink_recent-1015;kv-negctl_sink_recent-sink_recent-1016;kv-negctl_sink_recent-sink_recent-1017;kv-negctl_sink_recent-sink_recent-1018;kv-negctl_sink_recent-sink_recent-1019;kv-negctl_sink_recent-random-1000;kv-negctl_sink_recent-random-1001;kv-negctl_sink_recent-random-1002;kv-negctl_sink_recent-random-1003;kv-negctl_sink_recent-random-1004;kv-negctl_sink_recent-random-1005;kv-negctl_sink_recent-random-1006;kv-negctl_sink_recent-random-1007;kv-negctl_sink_recent-random-1008;kv-negctl_sink_recent-random-1009;kv-negctl_sink_recent-random-1010;kv-negctl_sink_recent-random-1011;kv-negctl_sink_recent-random-1012;kv-negctl_sink_recent-random-1013;kv-negctl_sink_recent-random-1014;kv-negctl_sink_recent-random-1015;kv-negctl_sink_recent-random-1016;kv-negctl_sink_recent-random-1017;kv-negctl_sink_recent-random-1018;kv-negctl_sink_recent-random-1019,confirmed
C-H1-negctl_h2o,"Preregistered KV test negctl_h2o (NEGATIVE CONTROL, structure-free model, n = 1024, budget = 128, seeds 1000-1019): mean error h2o 1.6237 vs random 1.7359, ratio 1.069 (95% CI 1.044-1.095), paired permutation p = 0.0000, BH-adjusted p = 0.0000 (m = 7).",observed,kv-negctl_h2o-h2o-1000;kv-negctl_h2o-h2o-1001;kv-negctl_h2o-h2o-1002;kv-negctl_h2o-h2o-1003;kv-negctl_h2o-h2o-1004;kv-negctl_h2o-h2o-1005;kv-negctl_h2o-h2o-1006;kv-negctl_h2o-h2o-1007;kv-negctl_h2o-h2o-1008;kv-negctl_h2o-h2o-1009;kv-negctl_h2o-h2o-1010;kv-negctl_h2o-h2o-1011;kv-negctl_h2o-h2o-1012;kv-negctl_h2o-h2o-1013;kv-negctl_h2o-h2o-1014;kv-negctl_h2o-h2o-1015;kv-negctl_h2o-h2o-1016;kv-negctl_h2o-h2o-1017;kv-negctl_h2o-h2o-1018;kv-negctl_h2o-h2o-1019;kv-negctl_h2o-random-1000;kv-negctl_h2o-random-1001;kv-negctl_h2o-random-1002;kv-negctl_h2o-random-1003;kv-negctl_h2o-random-1004;kv-negctl_h2o-random-1005;kv-negctl_h2o-random-1006;kv-negctl_h2o-random-1007;kv-negctl_h2o-random-1008;kv-negctl_h2o-random-1009;kv-negctl_h2o-random-1010;kv-negctl_h2o-random-1011;kv-negctl_h2o-random-1012;kv-negctl_h2o-random-1013;kv-negctl_h2o-random-1014;kv-negctl_h2o-random-1015;kv-negctl_h2o-random-1016;kv-negctl_h2o-random-1017;kv-negctl_h2o-random-1018;kv-negctl_h2o-random-1019,confirmed
C-H1-negctl,"The preregistered negative control FAILED: in the structure-free model h2o still has lower error than random, so as preregistered all KV statements are downgraded to observed and none is reported as a statistical finding. Post-hoc hypothesis (untested): high-norm Gaussian keys act as natural heavy hitters.",observed,kv-negctl_h2o-h2o-1000;kv-negctl_h2o-h2o-1001;kv-negctl_h2o-h2o-1002;kv-negctl_h2o-h2o-1003;kv-negctl_h2o-h2o-1004;kv-negctl_h2o-h2o-1005;kv-negctl_h2o-h2o-1006;kv-negctl_h2o-h2o-1007;kv-negctl_h2o-h2o-1008;kv-negctl_h2o-h2o-1009;kv-negctl_h2o-h2o-1010;kv-negctl_h2o-h2o-1011;kv-negctl_h2o-h2o-1012;kv-negctl_h2o-h2o-1013;kv-negctl_h2o-h2o-1014;kv-negctl_h2o-h2o-1015;kv-negctl_h2o-h2o-1016;kv-negctl_h2o-h2o-1017;kv-negctl_h2o-h2o-1018;kv-negctl_h2o-h2o-1019,confirmed
C-H2,"Preregistered counterexample search on 5000 fresh instances (V from 3 to 7, k from 2 to 4): 0 counterexamples to opt_wor >= opt_iid and 0 counterexamples to rrs_wor >= rrs_iid (exact arithmetic). This supports but does not prove the statements.",computed_rigorous,hae2-search,confirmed
C-T1,"Theory check T1 passed: Monte Carlo acceptance of standard, rrs_iid and rrs_wor matches the exact values on 20 instances, maximal |z| = 2.37 < 3.",statistical,t1-1000-standard;t1-1000-rrs_iid;t1-1000-rrs_wor;t1-1001-standard;t1-1001-rrs_iid;t1-1001-rrs_wor;t1-1002-standard;t1-1002-rrs_iid;t1-1002-rrs_wor;t1-1003-standard;t1-1003-rrs_iid;t1-1003-rrs_wor;t1-1004-standard;t1-1004-rrs_iid;t1-1004-rrs_wor;t1-1005-standard;t1-1005-rrs_iid;t1-1005-rrs_wor;t1-1006-standard;t1-1006-rrs_iid;t1-1006-rrs_wor;t1-1007-standard;t1-1007-rrs_iid;t1-1007-rrs_wor;t1-1008-standard;t1-1008-rrs_iid;t1-1008-rrs_wor;t1-1009-standard;t1-1009-rrs_iid;t1-1009-rrs_wor;t1-1010-standard;t1-1010-rrs_iid;t1-1010-rrs_wor;t1-1011-standard;t1-1011-rrs_iid;t1-1011-rrs_wor;t1-1012-standard;t1-1012-rrs_iid;t1-1012-rrs_wor;t1-1013-standard;t1-1013-rrs_iid;t1-1013-rrs_wor;t1-1014-standard;t1-1014-rrs_iid;t1-1014-rrs_wor;t1-1015-standard;t1-1015-rrs_iid;t1-1015-rrs_wor;t1-1016-standard;t1-1016-rrs_iid;t1-1016-rrs_wor;t1-1017-standard;t1-1017-rrs_iid;t1-1017-rrs_wor;t1-1018-standard;t1-1018-rrs_iid;t1-1018-rrs_wor;t1-1019-standard;t1-1019-rrs_iid;t1-1019-rrs_wor,confirmed
C-T2,Theory check T2 passed: on all 15 certified cells the minimal degree is at most the Taylor degree.,computed_rigorous,deg-B1-eps1e-2;deg-B2-eps1e-2;deg-B4-eps1e-2;deg-B8-eps1e-2;deg-B16-eps1e-2;deg-B1-eps1e-3;deg-B2-eps1e-3;deg-B4-eps1e-3;deg-B8-eps1e-3;deg-B16-eps1e-3;deg-B1-eps1e-6;deg-B2-eps1e-6;deg-B4-eps1e-6;deg-B8-eps1e-6;deg-B16-eps1e-6,confirmed
C-T3,Theory check T3 passed: on all 5000 instances no lossless rule exceeded the certified optimum.,computed_rigorous,hae2-search,confirmed
C-lit-hu,"Reference (title verified against arXiv 2502.18779): Zhengmian Hu et al., 2025, ""Towards Optimal Multi-draft Speculative Decoding"". Verbatim abstract quote checked by code: ""with sampling without replacement outperforming sampling with replacement"" / ""existing verification algorithms do not reach the theoretical upper bound for both without replacement and with replacement sampling""",observed,,confirmed
C-lit-alman,"Reference (title verified against arXiv 2302.13214): Josh Alman et al., 2023, ""Fast Attention Requires Bounded Entries"". Verbatim abstract quote checked by code: ""showing that there is a sharp transition at $B = Θ(\sqrt{\log n})$"" / ""assuming the Strong Exponential Time Hypothesis from fine-grained complexity theory, it is impossible to approximate""",observed,,confirmed
C-lit-keles,"Reference (title verified against arXiv 2209.04881): Feyza Duman Keles et al., 2022, ""On The Computational Complexity of Self-Attention"". Verbatim abstract quote checked by code: ""We prove that the time complexity of self-attention is necessarily quadratic in the input length, unless the Strong E""",observed,,confirmed
C-lit-aggarwal,"Reference (title verified against arXiv 2205.06249): Amol Aggarwal et al., 2022, ""Optimal-Degree Polynomial Approximations for Exponentials and Gaussian Kernel Density Estimation"". Verbatim abstract quote checked by code: ""we provide precise asymptotics for $d_{B; δ} (e^{-x})$ and $d_{B; δ} (e^{x})$ in terms of both $B$ and $δ$""",observed,,confirmed
C-lit-leviathan,"Reference (title verified against arXiv 2211.17192): Yaniv Leviathan et al., 2022, ""Fast Inference from Transformers via Speculative Decoding"". Verbatim abstract quote checked by code: ""to sample from autoregressive models faster without any changes to the outputs""",observed,,confirmed
C-lit-chen,"Reference (title verified against arXiv 2302.01318): Charlie Chen et al., 2023, ""Accelerating Large Language Model Decoding with Speculative Sampling"". Verbatim abstract quote checked by code: ""a novel modified rejection sampling scheme which preserves the distribution of the target model within hardware numerics""",observed,,confirmed
C-lit-sun,"Reference (title verified against arXiv 2310.15141): Ziteng Sun et al., 2023, ""SpecTr: Fast Speculative Decoding via Optimal Transport"". Verbatim abstract quote checked by code: ""We show that the optimal draft selection algorithm (transport plan) can be computed via linear programming, whose best-known runtime is exponential in $k$"" / ""whose acceptance probability is $(1-1/e)$-optimal multiplicatively""",observed,,confirmed
C-lit-jeon,"Reference (title verified against arXiv 2402.14160): Wonseok Jeon et al., 2024, ""Recursive Speculative Decoding: Accelerating LLM Inference via Sampling Without Replacement"". Verbatim abstract quote checked by code: ""samples draft tokens without replacement and maximizes the diversity of the tree""",observed,,confirmed
C-lit-xiao,"Reference (title verified against arXiv 2309.17453): Guangxuan Xiao et al., 2023, ""Efficient Streaming Language Models with Attention Sinks"". Verbatim abstract quote checked by code: ""keeping the KV of initial tokens will largely recover the performance of window atten""",observed,,confirmed
C-lit-zhang,"Reference (title verified against arXiv 2306.14048): Zhenyu Zhang et al., 2023, ""H$_2$O: Heavy-Hitter Oracle for Efficient Generative Inference of Large Language Models"". Verbatim abstract quote checked by code: ""a small portion of tokens contributes most of the value when computing attention scores""",observed,,confirmed
C-lit-miao,"Reference (title verified against arXiv 2305.09781): Xupeng Miao et al., 2023, ""SpecInfer: Accelerating Generative Large Language Model Serving with Tree-based Speculative Inference and Verification"".",observed,,confirmed
C-verifier,"The domain verifier passed its mandatory self-test of 24 known true and known false claims, including near-boundary cases within 2 percent of the true value and rule violations (verifier-owned tolerances, probabilities not summing to 1).",computed_rigorous,,confirmed
