run_id,seed,policy,dataset,step,x_index,y,mlflow_run_id,ts
deg-B1-eps1e-2,,remez+interval,degree,3,1.0,1.0,,2026-10-04T00:49:29
deg-B2-eps1e-2,,remez+interval,degree,5,2.0,1.0,,2026-10-04T00:49:29
deg-B4-eps1e-2,,remez+interval,degree,7,4.0,1.0,,2026-10-04T00:49:29
deg-B8-eps1e-2,,remez+interval,degree,12,8.0,1.0,,2026-10-04T00:49:29
deg-B16-eps1e-2,,remez+interval,degree,21,16.0,1.0,,2026-10-04T00:49:29
deg-B1-eps1e-3,,remez+interval,degree,4,1.0,1.0,,2026-10-04T00:49:29
deg-B2-eps1e-3,,remez+interval,degree,6,2.0,1.0,,2026-10-04T00:49:29
deg-B4-eps1e-3,,remez+interval,degree,9,4.0,1.0,,2026-10-04T00:49:29
deg-B8-eps1e-3,,remez+interval,degree,14,8.0,1.0,,2026-10-04T00:49:29
deg-B16-eps1e-3,,remez+interval,degree,24,16.0,1.0,,2026-10-04T00:49:29
deg-B1-eps1e-6,,remez+interval,degree,7,1.0,1.0,,2026-10-04T00:49:29
deg-B2-eps1e-6,,remez+interval,degree,9,2.0,1.0,,2026-10-04T00:49:29
deg-B4-eps1e-6,,remez+interval,degree,13,4.0,1.0,,2026-10-04T00:49:29
deg-B8-eps1e-6,,remez+interval,degree,19,8.0,1.0,,2026-10-04T00:49:29
deg-B16-eps1e-6,,remez+interval,degree,30,16.0,1.0,,2026-10-04T00:49:29
md-s0-k2,0,exact,multidraft,2,3.0,0.002783,,2026-10-04T00:49:29
md-s0-k3,0,exact,multidraft,3,3.0,0.004861901,,2026-10-04T00:49:29
md-s1-k2,1,exact,multidraft,2,4.0,0.0624,,2026-10-04T00:49:29
md-s1-k3,1,exact,multidraft,3,4.0,0.117312,,2026-10-04T00:49:29
md-s2-k2,2,exact,multidraft,2,5.0,0.054732,,2026-10-04T00:49:29
md-s2-k3,2,exact,multidraft,3,5.0,0.120248867,,2026-10-04T00:49:29
md-s3-k2,3,exact,multidraft,2,3.0,0.081993,,2026-10-04T00:49:29
md-s3-k3,3,exact,multidraft,3,3.0,0.120993056,,2026-10-04T00:49:29
md-s4-k2,4,exact,multidraft,2,4.0,0.029674,,2026-10-04T00:49:29
md-s4-k3,4,exact,multidraft,3,4.0,0.047448726,,2026-10-04T00:49:29
md-s5-k2,5,exact,multidraft,2,5.0,0.086329,,2026-10-04T00:49:29
md-s5-k3,5,exact,multidraft,3,5.0,0.056890811,,2026-10-04T00:49:29
md-s6-k2,6,exact,multidraft,2,3.0,0.106731,,2026-10-04T00:49:29
md-s6-k3,6,exact,multidraft,3,3.0,0.171091468,,2026-10-04T00:49:29
md-s7-k2,7,exact,multidraft,2,4.0,0.0624,,2026-10-04T00:49:29
md-s7-k3,7,exact,multidraft,3,4.0,0.107712,,2026-10-04T00:49:29
md-s8-k2,8,exact,multidraft,2,5.0,0.02021,,2026-10-04T00:49:29
md-s8-k3,8,exact,multidraft,3,5.0,0.023488504,,2026-10-04T00:49:29
md-s9-k2,9,exact,multidraft,2,3.0,0.081993,,2026-10-04T00:49:29
md-s9-k3,9,exact,multidraft,3,3.0,0.149145267,,2026-10-04T00:49:29
md-s10-k2,10,exact,multidraft,2,4.0,0.07236,,2026-10-04T00:49:29
md-s10-k3,10,exact,multidraft,3,4.0,0.098260025,,2026-10-04T00:49:29
md-s11-k2,11,exact,multidraft,2,5.0,0.066836,,2026-10-04T00:49:29
md-s11-k3,11,exact,multidraft,3,5.0,0.120572144,,2026-10-04T00:49:29
md-s12-k2,12,exact,multidraft,2,3.0,0.007568,,2026-10-04T00:49:29
md-s12-k3,12,exact,multidraft,3,3.0,0.011556336,,2026-10-04T00:49:29
md-s13-k2,13,exact,multidraft,2,4.0,0.1008,,2026-10-04T00:49:29
md-s13-k3,13,exact,multidraft,3,4.0,0.147456,,2026-10-04T00:49:29
md-s14-k2,14,exact,multidraft,2,5.0,0.099912,,2026-10-04T00:49:29
md-s14-k3,14,exact,multidraft,3,5.0,0.135862688,,2026-10-04T00:49:29
md-s15-k2,15,exact,multidraft,2,3.0,0.081993,,2026-10-04T00:49:29
md-s15-k3,15,exact,multidraft,3,3.0,0.149145267,,2026-10-04T00:49:29
md-s16-k2,16,exact,multidraft,2,4.0,0.00176,,2026-10-04T00:49:29
md-s16-k3,16,exact,multidraft,3,4.0,0.00354496,,2026-10-04T00:49:29
md-s17-k2,17,exact,multidraft,2,5.0,0.085238,,2026-10-04T00:49:29
md-s17-k3,17,exact,multidraft,3,5.0,0.086533029,,2026-10-04T00:49:29
md-s18-k2,18,exact,multidraft,2,3.0,0.047423,,2026-10-04T00:49:29
md-s18-k3,18,exact,multidraft,3,3.0,0.078009813,,2026-10-04T00:49:29
md-s19-k2,19,exact,multidraft,2,4.0,0.08304,,2026-10-04T00:49:29
md-s19-k3,19,exact,multidraft,3,4.0,0.1527936,,2026-10-04T00:49:29
md-s20-k2,20,exact,multidraft,2,5.0,0.03341,,2026-10-04T00:49:29
md-s20-k3,20,exact,multidraft,3,5.0,0.06659835,,2026-10-04T00:49:29
md-s21-k2,21,exact,multidraft,2,3.0,0.123216,,2026-10-04T00:49:29
md-s21-k3,21,exact,multidraft,3,3.0,0.1457456,,2026-10-04T00:49:29
md-s22-k2,22,exact,multidraft,2,4.0,0.078753,,2026-10-04T00:49:29
md-s22-k3,22,exact,multidraft,3,4.0,0.133138827,,2026-10-04T00:49:29
md-s23-k2,23,exact,multidraft,2,5.0,0.060931,,2026-10-04T00:49:29
md-s23-k3,23,exact,multidraft,3,5.0,0.115220521,,2026-10-04T00:49:29
md-s24-k2,24,exact,multidraft,2,3.0,0.117298,,2026-10-04T00:49:29
md-s24-k3,24,exact,multidraft,3,3.0,0.151535979,,2026-10-04T00:49:29
md-s25-k2,25,exact,multidraft,2,4.0,0.0912,,2026-10-04T00:49:29
md-s25-k3,25,exact,multidraft,3,4.0,0.092928,,2026-10-04T00:49:29
md-s26-k2,26,exact,multidraft,2,5.0,0.076145,,2026-10-04T00:49:29
md-s26-k3,26,exact,multidraft,3,5.0,0.140335235,,2026-10-04T00:49:29
md-s27-k2,27,exact,multidraft,2,3.0,0.081993,,2026-10-04T00:49:29
md-s27-k3,27,exact,multidraft,3,3.0,0.120993056,,2026-10-04T00:49:29
md-s28-k2,28,exact,multidraft,2,4.0,0.00182,,2026-10-04T00:49:29
md-s28-k3,28,exact,multidraft,3,4.0,0.0243149,,2026-10-04T00:49:29
md-s29-k2,29,exact,multidraft,2,5.0,0.121862,,2026-10-04T00:49:29
md-s29-k3,29,exact,multidraft,3,5.0,0.136369852,,2026-10-04T00:49:29
md-s30-k2,30,exact,multidraft,2,3.0,0.023112,,2026-10-04T00:49:29
md-s30-k3,30,exact,multidraft,3,3.0,0.044975952,,2026-10-04T00:49:29
md-s31-k2,31,exact,multidraft,2,4.0,0.112,,2026-10-04T00:49:29
md-s31-k3,31,exact,multidraft,3,4.0,0.11712,,2026-10-04T00:49:29
md-s32-k2,32,exact,multidraft,2,5.0,0.045756,,2026-10-04T00:49:29
md-s32-k3,32,exact,multidraft,3,5.0,0.062057713,,2026-10-04T00:49:29
md-s33-k2,33,exact,multidraft,2,3.0,0.074529,,2026-10-04T00:49:29
md-s33-k3,33,exact,multidraft,3,3.0,0.061039251,,2026-10-04T00:49:29
md-s34-k2,34,exact,multidraft,2,4.0,0.07585,,2026-10-04T00:49:29
md-s34-k3,34,exact,multidraft,3,4.0,0.1236355,,2026-10-04T00:49:29
md-s35-k2,35,exact,multidraft,2,5.0,0.066836,,2026-10-04T00:49:29
md-s35-k3,35,exact,multidraft,3,5.0,0.119707103,,2026-10-04T00:49:29
md-s36-k2,36,exact,multidraft,2,3.0,0.08075,,2026-10-04T00:49:29
md-s36-k3,36,exact,multidraft,3,3.0,0.13541775,,2026-10-04T00:49:29
md-s37-k2,37,exact,multidraft,2,4.0,0.0784,,2026-10-04T00:49:29
md-s37-k3,37,exact,multidraft,3,4.0,0.134848,,2026-10-04T00:49:29
md-s38-k2,38,exact,multidraft,2,5.0,0.093585,,2026-10-04T00:49:29
md-s38-k3,38,exact,multidraft,3,5.0,0.15812645,,2026-10-04T00:49:29
md-s39-k2,39,exact,multidraft,2,3.0,0.081993,,2026-10-04T00:49:29
md-s39-k3,39,exact,multidraft,3,3.0,0.149145267,,2026-10-04T00:49:29
md-s40-k2,40,exact,multidraft,2,4.0,0.088803,,2026-10-04T00:49:29
md-s40-k3,40,exact,multidraft,3,4.0,0.164907171,,2026-10-04T00:49:29
md-s41-k2,41,exact,multidraft,2,5.0,0.066836,,2026-10-04T00:49:29
md-s41-k3,41,exact,multidraft,3,5.0,0.097242111,,2026-10-04T00:49:29
md-s42-k2,42,exact,multidraft,2,3.0,0.0668,,2026-10-04T00:49:29
md-s42-k3,42,exact,multidraft,3,3.0,0.105716823,,2026-10-04T00:49:29
md-s43-k2,43,exact,multidraft,2,4.0,0.0672,,2026-10-04T00:49:29
md-s43-k3,43,exact,multidraft,3,4.0,0.056448,,2026-10-04T00:49:29
md-s44-k2,44,exact,multidraft,2,5.0,0.043775,,2026-10-04T00:49:29
md-s44-k3,44,exact,multidraft,3,5.0,0.031208375,,2026-10-04T00:49:29
md-s45-k2,45,exact,multidraft,2,3.0,0.123216,,2026-10-04T00:49:29
md-s45-k3,45,exact,multidraft,3,3.0,0.1457456,,2026-10-04T00:49:29
md-s46-k2,46,exact,multidraft,2,4.0,0.065076,,2026-10-04T00:49:29
md-s46-k3,46,exact,multidraft,3,4.0,0.127243184,,2026-10-04T00:49:29
md-s47-k2,47,exact,multidraft,2,5.0,0.061661,,2026-10-04T00:49:29
md-s47-k3,47,exact,multidraft,3,5.0,0.104785951,,2026-10-04T00:49:29
md-s48-k2,48,exact,multidraft,2,3.0,0.033516,,2026-10-04T00:49:29
md-s48-k3,48,exact,multidraft,3,3.0,0.065708328,,2026-10-04T00:49:29
md-s49-k2,49,exact,multidraft,2,4.0,0.0624,,2026-10-04T00:49:29
md-s49-k3,49,exact,multidraft,3,4.0,0.117312,,2026-10-04T00:49:29
md-s50-k2,50,exact,multidraft,2,5.0,0.042822,,2026-10-04T00:49:29
md-s50-k3,50,exact,multidraft,3,5.0,0.080633826,,2026-10-04T00:49:29
md-s51-k2,51,exact,multidraft,2,3.0,0.081993,,2026-10-04T00:49:29
md-s51-k3,51,exact,multidraft,3,3.0,0.149145267,,2026-10-04T00:49:29
md-s52-k2,52,exact,multidraft,2,4.0,0.005036,,2026-10-04T00:49:29
md-s52-k3,52,exact,multidraft,3,4.0,0.0028224,,2026-10-04T00:49:29
md-s53-k2,53,exact,multidraft,2,5.0,0.066836,,2026-10-04T00:49:29
md-s53-k3,53,exact,multidraft,3,5.0,0.120572144,,2026-10-04T00:49:29
md-s54-k2,54,exact,multidraft,2,3.0,0.04032,,2026-10-04T00:49:29
md-s54-k3,54,exact,multidraft,3,3.0,0.07047936,,2026-10-04T00:49:29
md-s55-k2,55,exact,multidraft,2,4.0,0.06228,,2026-10-04T00:49:29
md-s55-k3,55,exact,multidraft,3,4.0,0.1170864,,2026-10-04T00:49:29
md-s56-k2,56,exact,multidraft,2,5.0,0.093765,,2026-10-04T00:49:29
md-s56-k3,56,exact,multidraft,3,5.0,0.137332975,,2026-10-04T00:49:29
md-s57-k2,57,exact,multidraft,2,3.0,0.123216,,2026-10-04T00:49:29
md-s57-k3,57,exact,multidraft,3,3.0,0.1457456,,2026-10-04T00:49:29
md-s58-k2,58,exact,multidraft,2,4.0,0.096174,,2026-10-04T00:49:29
md-s58-k3,58,exact,multidraft,3,4.0,0.141104735,,2026-10-04T00:49:29
md-s59-k2,59,exact,multidraft,2,5.0,0.066836,,2026-10-04T00:49:29
md-s59-k3,59,exact,multidraft,3,5.0,0.097242111,,2026-10-04T00:49:29
md-s60-k2,60,exact,multidraft,2,3.0,0.054846,,2026-10-04T00:49:29
md-s60-k3,60,exact,multidraft,3,3.0,0.094499658,,2026-10-04T00:49:29
md-s61-k2,61,exact,multidraft,2,4.0,0.1216,,2026-10-04T00:49:29
md-s61-k3,61,exact,multidraft,3,4.0,0.129792,,2026-10-04T00:49:29
md-s62-k2,62,exact,multidraft,2,5.0,0.014125,,2026-10-04T00:49:29
md-s62-k3,62,exact,multidraft,3,5.0,0.028696875,,2026-10-04T00:49:29
md-s63-k2,63,exact,multidraft,2,3.0,0.123216,,2026-10-04T00:49:29
md-s63-k3,63,exact,multidraft,3,3.0,0.1457456,,2026-10-04T00:49:29
md-s64-k2,64,exact,multidraft,2,4.0,0.036696,,2026-10-04T00:49:29
md-s64-k3,64,exact,multidraft,3,4.0,0.079550256,,2026-10-04T00:49:29
md-s65-k2,65,exact,multidraft,2,5.0,0.045501,,2026-10-04T00:49:29
md-s65-k3,65,exact,multidraft,3,5.0,0.090175413,,2026-10-04T00:49:29
md-s66-k2,66,exact,multidraft,2,3.0,0.01694,,2026-10-04T00:49:29
md-s66-k3,66,exact,multidraft,3,3.0,0.0320166,,2026-10-04T00:49:29
md-s67-k2,67,exact,multidraft,2,4.0,0.0912,,2026-10-04T00:49:29
md-s67-k3,67,exact,multidraft,3,4.0,0.092928,,2026-10-04T00:49:29
md-s68-k2,68,exact,multidraft,2,5.0,0.0594,,2026-10-04T00:49:29
md-s68-k3,68,exact,multidraft,3,5.0,0.1109988,,2026-10-04T00:49:29
md-s69-k2,69,exact,multidraft,2,3.0,0.0,,2026-10-04T00:49:29
md-s69-k3,69,exact,multidraft,3,3.0,0.0,,2026-10-04T00:49:29
md-s70-k2,70,exact,multidraft,2,4.0,0.003655,,2026-10-04T00:49:29
md-s70-k3,70,exact,multidraft,3,4.0,0.007401725,,2026-10-04T00:49:29
md-s71-k2,71,exact,multidraft,2,5.0,0.117751,,2026-10-04T00:49:29
md-s71-k3,71,exact,multidraft,3,5.0,0.13247005,,2026-10-04T00:49:29
md-s72-k2,72,exact,multidraft,2,3.0,0.005632,,2026-10-04T00:49:29
md-s72-k3,72,exact,multidraft,3,3.0,0.012864192,,2026-10-04T00:49:29
md-s73-k2,73,exact,multidraft,2,4.0,0.0624,,2026-10-04T00:49:29
md-s73-k3,73,exact,multidraft,3,4.0,0.117312,,2026-10-04T00:49:29
md-s74-k2,74,exact,multidraft,2,5.0,0.009255,,2026-10-04T00:49:29
md-s74-k3,74,exact,multidraft,3,5.0,0.019271175,,2026-10-04T00:49:29
md-s75-k2,75,exact,multidraft,2,3.0,0.081993,,2026-10-04T00:49:29
md-s75-k3,75,exact,multidraft,3,3.0,0.149145267,,2026-10-04T00:49:29
md-s76-k2,76,exact,multidraft,2,4.0,0.03465,,2026-10-04T00:49:29
md-s76-k3,76,exact,multidraft,3,4.0,0.06586965,,2026-10-04T00:49:29
md-s77-k2,77,exact,multidraft,2,5.0,0.096048,,2026-10-04T00:49:29
md-s77-k3,77,exact,multidraft,3,5.0,0.142771321,,2026-10-04T00:49:29
md-s78-k2,78,exact,multidraft,2,3.0,0.03822,,2026-10-04T00:49:29
md-s78-k3,78,exact,multidraft,3,3.0,0.07269444,,2026-10-04T00:49:29
md-s79-k2,79,exact,multidraft,2,4.0,0.1248,,2026-10-04T00:49:29
md-s79-k3,79,exact,multidraft,3,4.0,0.138624,,2026-10-04T00:49:29
md-s80-k2,80,exact,multidraft,2,5.0,0.0099,,2026-10-04T00:49:29
md-s80-k3,80,exact,multidraft,3,5.0,0.018018,,2026-10-04T00:49:29
md-s81-k2,81,exact,multidraft,2,3.0,0.0,,2026-10-04T00:49:29
md-s81-k3,81,exact,multidraft,3,3.0,0.0,,2026-10-04T00:49:29
md-s82-k2,82,exact,multidraft,2,4.0,0.058926,,2026-10-04T00:49:29
md-s82-k3,82,exact,multidraft,3,4.0,0.107068542,,2026-10-04T00:49:29
md-s83-k2,83,exact,multidraft,2,5.0,0.104005,,2026-10-04T00:49:29
md-s83-k3,83,exact,multidraft,3,5.0,0.17099085,,2026-10-04T00:49:29
md-s84-k2,84,exact,multidraft,2,3.0,0.097443,,2026-10-04T00:49:29
md-s84-k3,84,exact,multidraft,3,3.0,0.168021569,,2026-10-04T00:49:29
md-s85-k2,85,exact,multidraft,2,4.0,0.0624,,2026-10-04T00:49:29
md-s85-k3,85,exact,multidraft,3,4.0,0.117312,,2026-10-04T00:49:29
md-s86-k2,86,exact,multidraft,2,5.0,0.06196,,2026-10-04T00:49:29
md-s86-k3,86,exact,multidraft,3,5.0,0.0946432,,2026-10-04T00:49:29
md-s87-k2,87,exact,multidraft,2,3.0,0.074529,,2026-10-04T00:49:29
md-s87-k3,87,exact,multidraft,3,3.0,0.061039251,,2026-10-04T00:49:29
md-s88-k2,88,exact,multidraft,2,4.0,0.004607,,2026-10-04T00:49:29
md-s88-k3,88,exact,multidraft,3,4.0,0.009135681,,2026-10-04T00:49:29
md-s89-k2,89,exact,multidraft,2,5.0,0.081026,,2026-10-04T00:49:29
md-s89-k3,89,exact,multidraft,3,5.0,0.147059396,,2026-10-04T00:49:29
md-s90-k2,90,exact,multidraft,2,3.0,0.052593,,2026-10-04T00:49:29
md-s90-k3,90,exact,multidraft,3,3.0,0.041059921,,2026-10-04T00:49:29
md-s91-k2,91,exact,multidraft,2,4.0,0.0624,,2026-10-04T00:49:29
md-s91-k3,91,exact,multidraft,3,4.0,0.117312,,2026-10-04T00:49:29
md-s92-k2,92,exact,multidraft,2,5.0,0.035195,,2026-10-04T00:49:29
md-s92-k3,92,exact,multidraft,3,5.0,0.00704322,,2026-10-04T00:49:29
md-s93-k2,93,exact,multidraft,2,3.0,0.074529,,2026-10-04T00:49:29
md-s93-k3,93,exact,multidraft,3,3.0,0.061039251,,2026-10-04T00:49:29
md-s94-k2,94,exact,multidraft,2,4.0,0.011692,,2026-10-04T00:49:29
md-s94-k3,94,exact,multidraft,3,4.0,0.022460332,,2026-10-04T00:49:29
md-s95-k2,95,exact,multidraft,2,5.0,0.079112,,2026-10-04T00:49:29
md-s95-k3,95,exact,multidraft,3,5.0,0.139870016,,2026-10-04T00:49:29
md-s96-k2,96,exact,multidraft,2,3.0,0.11084,,2026-10-04T00:49:29
md-s96-k3,96,exact,multidraft,3,3.0,0.07226768,,2026-10-04T00:49:29
md-s97-k2,97,exact,multidraft,2,4.0,0.07812,,2026-10-04T00:49:29
md-s97-k3,97,exact,multidraft,3,4.0,0.1343664,,2026-10-04T00:49:29
md-s98-k2,98,exact,multidraft,2,5.0,0.012606,,2026-10-04T00:49:29
md-s98-k3,98,exact,multidraft,3,5.0,0.029714387,,2026-10-04T00:49:29
md-s99-k2,99,exact,multidraft,2,3.0,0.081993,,2026-10-04T00:49:29
md-s99-k3,99,exact,multidraft,3,3.0,0.149145267,,2026-10-04T00:49:29
md-s100-k2,100,exact,multidraft,2,4.0,0.002045,,2026-10-04T00:49:29
md-s100-k3,100,exact,multidraft,3,4.0,0.042658997,,2026-10-04T00:49:29
md-s101-k2,101,exact,multidraft,2,5.0,0.066836,,2026-10-04T00:49:29
md-s101-k3,101,exact,multidraft,3,5.0,0.099927276,,2026-10-04T00:49:29
md-s102-k2,102,exact,multidraft,2,3.0,0.051965,,2026-10-04T00:49:29
md-s102-k3,102,exact,multidraft,3,3.0,0.026138395,,2026-10-04T00:49:29
md-s103-k2,103,exact,multidraft,2,4.0,0.063561,,2026-10-04T00:49:29
md-s103-k3,103,exact,multidraft,3,4.0,0.10745268,,2026-10-04T00:49:29
md-s104-k2,104,exact,multidraft,2,5.0,0.004606,,2026-10-04T00:49:29
md-s104-k3,104,exact,multidraft,3,5.0,0.009403758,,2026-10-04T00:49:29
md-s105-k2,105,exact,multidraft,2,3.0,0.0,,2026-10-04T00:49:29
md-s105-k3,105,exact,multidraft,3,3.0,0.0,,2026-10-04T00:49:29
md-s106-k2,106,exact,multidraft,2,4.0,0.102714,,2026-10-04T00:49:29
md-s106-k3,106,exact,multidraft,3,4.0,0.166979516,,2026-10-04T00:49:29
md-s107-k2,107,exact,multidraft,2,5.0,0.096048,,2026-10-04T00:49:29
md-s107-k3,107,exact,multidraft,3,5.0,0.142771321,,2026-10-04T00:49:29
md-s108-k2,108,exact,multidraft,2,3.0,0.142486,,2026-10-04T00:49:29
md-s108-k3,108,exact,multidraft,3,3.0,0.096316605,,2026-10-04T00:49:29
md-s109-k2,109,exact,multidraft,2,4.0,0.0624,,2026-10-04T00:49:29
md-s109-k3,109,exact,multidraft,3,4.0,0.117312,,2026-10-04T00:49:29
md-s110-k2,110,exact,multidraft,2,5.0,0.081661,,2026-10-04T00:49:29
md-s110-k3,110,exact,multidraft,3,5.0,0.10981467,,2026-10-04T00:49:29
md-s111-k2,111,exact,multidraft,2,3.0,0.081993,,2026-10-04T00:49:29
md-s111-k3,111,exact,multidraft,3,3.0,0.120993056,,2026-10-04T00:49:29
md-s112-k2,112,exact,multidraft,2,4.0,0.05922,,2026-10-04T00:49:29
md-s112-k3,112,exact,multidraft,3,4.0,0.10528056,,2026-10-04T00:49:29
md-s113-k2,113,exact,multidraft,2,5.0,0.060931,,2026-10-04T00:49:29
md-s113-k3,113,exact,multidraft,3,5.0,0.115220521,,2026-10-04T00:49:29
md-s114-k2,114,exact,multidraft,2,3.0,0.095375,,2026-10-04T00:49:29
md-s114-k3,114,exact,multidraft,3,3.0,0.08575,,2026-10-04T00:49:29
md-s115-k2,115,exact,multidraft,2,4.0,0.0912,,2026-10-04T00:49:29
md-s115-k3,115,exact,multidraft,3,4.0,0.092928,,2026-10-04T00:49:29
md-s116-k2,116,exact,multidraft,2,5.0,0.069192,,2026-10-04T00:49:29
md-s116-k3,116,exact,multidraft,3,5.0,0.090555787,,2026-10-04T00:49:29
md-s117-k2,117,exact,multidraft,2,3.0,0.081993,,2026-10-04T00:49:29
md-s117-k3,117,exact,multidraft,3,3.0,0.120993056,,2026-10-04T00:49:29
md-s118-k2,118,exact,multidraft,2,4.0,0.031152,,2026-10-04T00:49:29
md-s118-k3,118,exact,multidraft,3,4.0,0.03783392,,2026-10-04T00:49:29
md-s119-k2,119,exact,multidraft,2,5.0,0.045015,,2026-10-04T00:49:29
md-s119-k3,119,exact,multidraft,3,5.0,0.083866695,,2026-10-04T00:49:29
md-s120-k2,120,exact,multidraft,2,3.0,0.071124,,2026-10-04T00:49:29
md-s120-k3,120,exact,multidraft,3,3.0,0.063047985,,2026-10-04T00:49:29
md-s121-k2,121,exact,multidraft,2,4.0,0.07632,,2026-10-04T00:49:29
md-s121-k3,121,exact,multidraft,3,4.0,0.14686512,,2026-10-04T00:49:29
md-s122-k2,122,exact,multidraft,2,5.0,0.01054,,2026-10-04T00:49:29
md-s122-k3,122,exact,multidraft,3,5.0,0.0178126,,2026-10-04T00:49:29
md-s123-k2,123,exact,multidraft,2,3.0,0.081993,,2026-10-04T00:49:29
md-s123-k3,123,exact,multidraft,3,3.0,0.120993056,,2026-10-04T00:49:29
md-s124-k2,124,exact,multidraft,2,4.0,0.09192,,2026-10-04T00:49:29
md-s124-k3,124,exact,multidraft,3,4.0,0.143519753,,2026-10-04T00:49:29
md-s125-k2,125,exact,multidraft,2,5.0,0.096048,,2026-10-04T00:49:29
md-s125-k3,125,exact,multidraft,3,5.0,0.142771321,,2026-10-04T00:49:29
md-s126-k2,126,exact,multidraft,2,3.0,0.003078,,2026-10-04T00:49:29
md-s126-k3,126,exact,multidraft,3,3.0,0.005989788,,2026-10-04T00:49:29
md-s127-k2,127,exact,multidraft,2,4.0,0.1008,,2026-10-04T00:49:29
md-s127-k3,127,exact,multidraft,3,4.0,0.147456,,2026-10-04T00:49:29
md-s128-k2,128,exact,multidraft,2,5.0,0.05418,,2026-10-04T00:49:29
md-s128-k3,128,exact,multidraft,3,5.0,0.10387252,,2026-10-04T00:49:29
md-s129-k2,129,exact,multidraft,2,3.0,0.0,,2026-10-04T00:49:29
md-s129-k3,129,exact,multidraft,3,3.0,0.0,,2026-10-04T00:49:29
md-s130-k2,130,exact,multidraft,2,4.0,0.000373,,2026-10-04T00:49:29
md-s130-k3,130,exact,multidraft,3,4.0,0.000745627,,2026-10-04T00:49:29
md-s131-k2,131,exact,multidraft,2,5.0,0.087654,,2026-10-04T00:49:29
md-s131-k3,131,exact,multidraft,3,5.0,0.158129694,,2026-10-04T00:49:29
md-s132-k2,132,exact,multidraft,2,3.0,0.035934,,2026-10-04T00:49:29
md-s132-k3,132,exact,multidraft,3,3.0,0.067267494,,2026-10-04T00:49:29
md-s133-k2,133,exact,multidraft,2,4.0,0.06228,,2026-10-04T00:49:29
md-s133-k3,133,exact,multidraft,3,4.0,0.1170864,,2026-10-04T00:49:29
md-s134-k2,134,exact,multidraft,2,5.0,0.082983,,2026-10-04T00:49:29
md-s134-k3,134,exact,multidraft,3,5.0,0.092979127,,2026-10-04T00:49:29
md-s135-k2,135,exact,multidraft,2,3.0,0.081993,,2026-10-04T00:49:29
md-s135-k3,135,exact,multidraft,3,3.0,0.149145267,,2026-10-04T00:49:29
md-s136-k2,136,exact,multidraft,2,4.0,0.026179,,2026-10-04T00:49:29
md-s136-k3,136,exact,multidraft,3,4.0,0.051127587,,2026-10-04T00:49:29
md-s137-k2,137,exact,multidraft,2,5.0,0.079112,,2026-10-04T00:49:29
md-s137-k3,137,exact,multidraft,3,5.0,0.139870016,,2026-10-04T00:49:29
md-s138-k2,138,exact,multidraft,2,3.0,0.071208,,2026-10-04T00:49:29
md-s138-k3,138,exact,multidraft,3,3.0,0.048776136,,2026-10-04T00:49:29
md-s139-k2,139,exact,multidraft,2,4.0,0.1216,,2026-10-04T00:49:29
md-s139-k3,139,exact,multidraft,3,4.0,0.129792,,2026-10-04T00:49:29
md-s140-k2,140,exact,multidraft,2,5.0,0.106064,,2026-10-04T00:49:29
md-s140-k3,140,exact,multidraft,3,5.0,0.139968544,,2026-10-04T00:49:29
md-s141-k2,141,exact,multidraft,2,3.0,0.081993,,2026-10-04T00:49:29
md-s141-k3,141,exact,multidraft,3,3.0,0.120993056,,2026-10-04T00:49:29
md-s142-k2,142,exact,multidraft,2,4.0,0.020853,,2026-10-04T00:49:29
md-s142-k3,142,exact,multidraft,3,4.0,0.063086457,,2026-10-04T00:49:29
md-s143-k2,143,exact,multidraft,2,5.0,0.12627,,2026-10-04T00:49:29
md-s143-k3,143,exact,multidraft,3,5.0,0.135730025,,2026-10-04T00:49:29
md-s144-k2,144,exact,multidraft,2,3.0,0.05626,,2026-10-04T00:49:29
md-s144-k3,144,exact,multidraft,3,3.0,0.0962046,,2026-10-04T00:49:29
md-s145-k2,145,exact,multidraft,2,4.0,0.1248,,2026-10-04T00:49:29
md-s145-k3,145,exact,multidraft,3,4.0,0.138624,,2026-10-04T00:49:29
md-s146-k2,146,exact,multidraft,2,5.0,0.079921,,2026-10-04T00:49:29
md-s146-k3,146,exact,multidraft,3,5.0,0.145662091,,2026-10-04T00:49:29
md-s147-k2,147,exact,multidraft,2,3.0,0.0,,2026-10-04T00:49:29
md-s147-k3,147,exact,multidraft,3,3.0,0.0,,2026-10-04T00:49:29
md-s148-k2,148,exact,multidraft,2,4.0,0.112476,,2026-10-04T00:49:29
md-s148-k3,148,exact,multidraft,3,4.0,0.086048416,,2026-10-04T00:49:29
md-s149-k2,149,exact,multidraft,2,5.0,0.066836,,2026-10-04T00:49:29
md-s149-k3,149,exact,multidraft,3,5.0,0.120572144,,2026-10-04T00:49:29
gam-1_2-1_100,,exact,gamma,5,0.5,1.875,,2026-10-04T00:49:29
gam-1_2-1_20,,exact,gamma,3,0.5,1.6304347826086956,,2026-10-04T00:49:29
gam-1_2-1_10,,exact,gamma,2,0.5,1.4583333333333333,,2026-10-04T00:49:29
gam-1_2-1_4,,exact,gamma,1,0.5,1.2,,2026-10-04T00:49:29
gam-3_5-1_100,,exact,gamma,7,0.6,2.29720523364486,,2026-10-04T00:49:29
gam-3_5-1_20,,exact,gamma,4,0.6,1.9213333333333333,,2026-10-04T00:49:29
gam-3_5-1_10,,exact,gamma,3,0.6,1.6738461538461538,,2026-10-04T00:49:29
gam-3_5-1_4,,exact,gamma,2,0.6,1.3066666666666666,,2026-10-04T00:49:29
gam-7_10-1_100,,exact,gamma,9,0.7,2.9717201073394497,,2026-10-04T00:49:29
gam-7_10-1_20,,exact,gamma,6,0.7,2.3529376923076923,,2026-10-04T00:49:29
gam-7_10-1_10,,exact,gamma,4,0.7,1.9807857142857144,,2026-10-04T00:49:29
gam-7_10-1_4,,exact,gamma,2,0.7,1.46,,2026-10-04T00:49:29
gam-4_5-1_100,,exact,gamma,14,0.8,4.231647490838456,,2026-10-04T00:49:29
gam-4_5-1_20,,exact,gamma,8,0.8,3.092079542857143,,2026-10-04T00:49:29
gam-4_5-1_10,,exact,gamma,6,0.8,2.46964,,2026-10-04T00:49:29
gam-4_5-1_4,,exact,gamma,3,0.8,1.6868571428571428,,2026-10-04T00:49:29
gam-9_10-1_100,,exact,gamma,24,0.9,7.485566138958183,,2026-10-04T00:49:29
gam-9_10-1_20,,exact,gamma,13,0.9,4.674133790608424,,2026-10-04T00:49:29
gam-9_10-1_10,,exact,gamma,10,0.9,3.43094701955,,2026-10-04T00:49:29
gam-9_10-1_4,,exact,gamma,6,0.9,2.0868124,,2026-10-04T00:49:29
gam-19_20-1_100,,exact,gamma,40,0.95,12.54162073233074,,2026-10-04T00:49:29
gam-19_20-1_20,,exact,gamma,21,0.95,6.599672731963811,,2026-10-04T00:49:29
gam-19_20-1_10,,exact,gamma,15,0.95,4.478986650785874,,2026-10-04T00:49:29
gam-19_20-1_4,,exact,gamma,9,0.95,2.4693111431484374,,2026-10-04T00:49:29
kv-primary-h2o-1000,1000,h2o,kv_structured,1,1024.0,0.5922074896767519,,2026-10-04T00:53:40
kv-primary-h2o-1001,1001,h2o,kv_structured,1,1024.0,0.6028191170225995,,2026-10-04T00:53:40
kv-primary-h2o-1002,1002,h2o,kv_structured,1,1024.0,0.7988374947741965,,2026-10-04T00:53:40
kv-primary-h2o-1003,1003,h2o,kv_structured,1,1024.0,0.6524254443177078,,2026-10-04T00:53:40
kv-primary-h2o-1004,1004,h2o,kv_structured,1,1024.0,0.8837811974238119,,2026-10-04T00:53:40
kv-primary-h2o-1005,1005,h2o,kv_structured,1,1024.0,0.9676870336904306,,2026-10-04T00:53:40
kv-primary-h2o-1006,1006,h2o,kv_structured,1,1024.0,0.5875664415134705,,2026-10-04T00:53:40
kv-primary-h2o-1007,1007,h2o,kv_structured,1,1024.0,0.7656712869270679,,2026-10-04T00:53:40
kv-primary-h2o-1008,1008,h2o,kv_structured,1,1024.0,0.6275412888472724,,2026-10-04T00:53:40
kv-primary-h2o-1009,1009,h2o,kv_structured,1,1024.0,0.9411356279016206,,2026-10-04T00:53:40
kv-primary-h2o-1010,1010,h2o,kv_structured,1,1024.0,1.0157173233860777,,2026-10-04T00:53:40
kv-primary-h2o-1011,1011,h2o,kv_structured,1,1024.0,0.6295960655148096,,2026-10-04T00:53:40
kv-primary-h2o-1012,1012,h2o,kv_structured,1,1024.0,0.8233166898473734,,2026-10-04T00:53:40
kv-primary-h2o-1013,1013,h2o,kv_structured,1,1024.0,0.9407989095296434,,2026-10-04T00:53:40
kv-primary-h2o-1014,1014,h2o,kv_structured,1,1024.0,0.576108103194917,,2026-10-04T00:53:40
kv-primary-h2o-1015,1015,h2o,kv_structured,1,1024.0,0.6600499402105752,,2026-10-04T00:53:40
kv-primary-h2o-1016,1016,h2o,kv_structured,1,1024.0,1.0030397895920096,,2026-10-04T00:53:40
kv-primary-h2o-1017,1017,h2o,kv_structured,1,1024.0,1.0426243902359795,,2026-10-04T00:53:40
kv-primary-h2o-1018,1018,h2o,kv_structured,1,1024.0,0.8770866240091214,,2026-10-04T00:53:40
kv-primary-h2o-1019,1019,h2o,kv_structured,1,1024.0,0.8165092646984786,,2026-10-04T00:53:40
kv-primary-sink_recent-1000,1000,sink_recent,kv_structured,1,1024.0,0.9662860954329391,,2026-10-04T00:53:40
kv-primary-sink_recent-1001,1001,sink_recent,kv_structured,1,1024.0,0.9371465469847942,,2026-10-04T00:53:40
kv-primary-sink_recent-1002,1002,sink_recent,kv_structured,1,1024.0,1.05055894713454,,2026-10-04T00:53:40
kv-primary-sink_recent-1003,1003,sink_recent,kv_structured,1,1024.0,0.9579871244524731,,2026-10-04T00:53:40
kv-primary-sink_recent-1004,1004,sink_recent,kv_structured,1,1024.0,1.1493137911561364,,2026-10-04T00:53:40
kv-primary-sink_recent-1005,1005,sink_recent,kv_structured,1,1024.0,1.3775615882753895,,2026-10-04T00:53:40
kv-primary-sink_recent-1006,1006,sink_recent,kv_structured,1,1024.0,0.9750362573625266,,2026-10-04T00:53:40
kv-primary-sink_recent-1007,1007,sink_recent,kv_structured,1,1024.0,0.9808443489511082,,2026-10-04T00:53:40
kv-primary-sink_recent-1008,1008,sink_recent,kv_structured,1,1024.0,0.8973091981308807,,2026-10-04T00:53:40
kv-primary-sink_recent-1009,1009,sink_recent,kv_structured,1,1024.0,1.1211025799871956,,2026-10-04T00:53:40
kv-primary-sink_recent-1010,1010,sink_recent,kv_structured,1,1024.0,1.2215955525048716,,2026-10-04T00:53:40
kv-primary-sink_recent-1011,1011,sink_recent,kv_structured,1,1024.0,0.9635594354694359,,2026-10-04T00:53:40
kv-primary-sink_recent-1012,1012,sink_recent,kv_structured,1,1024.0,1.14670003748226,,2026-10-04T00:53:40
kv-primary-sink_recent-1013,1013,sink_recent,kv_structured,1,1024.0,1.1901762720213025,,2026-10-04T00:53:40
kv-primary-sink_recent-1014,1014,sink_recent,kv_structured,1,1024.0,1.0026258255890312,,2026-10-04T00:53:40
kv-primary-sink_recent-1015,1015,sink_recent,kv_structured,1,1024.0,0.9903141002792025,,2026-10-04T00:53:40
kv-primary-sink_recent-1016,1016,sink_recent,kv_structured,1,1024.0,1.1714708700881258,,2026-10-04T00:53:40
kv-primary-sink_recent-1017,1017,sink_recent,kv_structured,1,1024.0,1.2364347718406625,,2026-10-04T00:53:40
kv-primary-sink_recent-1018,1018,sink_recent,kv_structured,1,1024.0,1.193484875995092,,2026-10-04T00:53:40
kv-primary-sink_recent-1019,1019,sink_recent,kv_structured,1,1024.0,1.089063084637056,,2026-10-04T00:53:40
kv-secondary_a-sink_recent-1000,1000,sink_recent,kv_structured,1,1024.0,0.9662860954329391,,2026-10-04T00:53:40
kv-secondary_a-sink_recent-1001,1001,sink_recent,kv_structured,1,1024.0,0.9371465469847942,,2026-10-04T00:53:40
kv-secondary_a-sink_recent-1002,1002,sink_recent,kv_structured,1,1024.0,1.05055894713454,,2026-10-04T00:53:40
kv-secondary_a-sink_recent-1003,1003,sink_recent,kv_structured,1,1024.0,0.9579871244524731,,2026-10-04T00:53:40
kv-secondary_a-sink_recent-1004,1004,sink_recent,kv_structured,1,1024.0,1.1493137911561364,,2026-10-04T00:53:40
kv-secondary_a-sink_recent-1005,1005,sink_recent,kv_structured,1,1024.0,1.3775615882753895,,2026-10-04T00:53:40
kv-secondary_a-sink_recent-1006,1006,sink_recent,kv_structured,1,1024.0,0.9750362573625266,,2026-10-04T00:53:40
kv-secondary_a-sink_recent-1007,1007,sink_recent,kv_structured,1,1024.0,0.9808443489511082,,2026-10-04T00:53:40
kv-secondary_a-sink_recent-1008,1008,sink_recent,kv_structured,1,1024.0,0.8973091981308807,,2026-10-04T00:53:40
kv-secondary_a-sink_recent-1009,1009,sink_recent,kv_structured,1,1024.0,1.1211025799871956,,2026-10-04T00:53:40
kv-secondary_a-sink_recent-1010,1010,sink_recent,kv_structured,1,1024.0,1.2215955525048716,,2026-10-04T00:53:40
kv-secondary_a-sink_recent-1011,1011,sink_recent,kv_structured,1,1024.0,0.9635594354694359,,2026-10-04T00:53:40
kv-secondary_a-sink_recent-1012,1012,sink_recent,kv_structured,1,1024.0,1.14670003748226,,2026-10-04T00:53:40
kv-secondary_a-sink_recent-1013,1013,sink_recent,kv_structured,1,1024.0,1.1901762720213025,,2026-10-04T00:53:40
kv-secondary_a-sink_recent-1014,1014,sink_recent,kv_structured,1,1024.0,1.0026258255890312,,2026-10-04T00:53:40
kv-secondary_a-sink_recent-1015,1015,sink_recent,kv_structured,1,1024.0,0.9903141002792025,,2026-10-04T00:53:40
kv-secondary_a-sink_recent-1016,1016,sink_recent,kv_structured,1,1024.0,1.1714708700881258,,2026-10-04T00:53:40
kv-secondary_a-sink_recent-1017,1017,sink_recent,kv_structured,1,1024.0,1.2364347718406625,,2026-10-04T00:53:40
kv-secondary_a-sink_recent-1018,1018,sink_recent,kv_structured,1,1024.0,1.193484875995092,,2026-10-04T00:53:40
kv-secondary_a-sink_recent-1019,1019,sink_recent,kv_structured,1,1024.0,1.089063084637056,,2026-10-04T00:53:40
kv-secondary_a-recent-1000,1000,recent,kv_structured,1,1024.0,1.0719797911395146,,2026-10-04T00:53:40
kv-secondary_a-recent-1001,1001,recent,kv_structured,1,1024.0,1.1845486969169543,,2026-10-04T00:53:40
kv-secondary_a-recent-1002,1002,recent,kv_structured,1,1024.0,1.160649930913429,,2026-10-04T00:53:40
kv-secondary_a-recent-1003,1003,recent,kv_structured,1,1024.0,1.021102492048347,,2026-10-04T00:53:40
kv-secondary_a-recent-1004,1004,recent,kv_structured,1,1024.0,1.2780403779454592,,2026-10-04T00:53:40
kv-secondary_a-recent-1005,1005,recent,kv_structured,1,1024.0,1.4670704395823497,,2026-10-04T00:53:40
kv-secondary_a-recent-1006,1006,recent,kv_structured,1,1024.0,1.0028857375013904,,2026-10-04T00:53:40
kv-secondary_a-recent-1007,1007,recent,kv_structured,1,1024.0,1.1407043197212754,,2026-10-04T00:53:40
kv-secondary_a-recent-1008,1008,recent,kv_structured,1,1024.0,1.0967613105143634,,2026-10-04T00:53:40
kv-secondary_a-recent-1009,1009,recent,kv_structured,1,1024.0,1.2518701882840697,,2026-10-04T00:53:40
kv-secondary_a-recent-1010,1010,recent,kv_structured,1,1024.0,1.2753783598433013,,2026-10-04T00:53:40
kv-secondary_a-recent-1011,1011,recent,kv_structured,1,1024.0,1.2409327831942507,,2026-10-04T00:53:40
kv-secondary_a-recent-1012,1012,recent,kv_structured,1,1024.0,1.2553307255696655,,2026-10-04T00:53:40
kv-secondary_a-recent-1013,1013,recent,kv_structured,1,1024.0,1.2435826092635798,,2026-10-04T00:53:40
kv-secondary_a-recent-1014,1014,recent,kv_structured,1,1024.0,1.19016200907372,,2026-10-04T00:53:40
kv-secondary_a-recent-1015,1015,recent,kv_structured,1,1024.0,1.07465295409834,,2026-10-04T00:53:40
kv-secondary_a-recent-1016,1016,recent,kv_structured,1,1024.0,1.48763829088964,,2026-10-04T00:53:40
kv-secondary_a-recent-1017,1017,recent,kv_structured,1,1024.0,1.3118124986358364,,2026-10-04T00:53:40
kv-secondary_a-recent-1018,1018,recent,kv_structured,1,1024.0,1.2270636643067003,,2026-10-04T00:53:40
kv-secondary_a-recent-1019,1019,recent,kv_structured,1,1024.0,1.130899853849903,,2026-10-04T00:53:40
kv-secondary_b-h2o-1000,1000,h2o,kv_structured,1,1024.0,0.5922074896767519,,2026-10-04T00:53:40
kv-secondary_b-h2o-1001,1001,h2o,kv_structured,1,1024.0,0.6028191170225995,,2026-10-04T00:53:40
kv-secondary_b-h2o-1002,1002,h2o,kv_structured,1,1024.0,0.7988374947741965,,2026-10-04T00:53:40
kv-secondary_b-h2o-1003,1003,h2o,kv_structured,1,1024.0,0.6524254443177078,,2026-10-04T00:53:40
kv-secondary_b-h2o-1004,1004,h2o,kv_structured,1,1024.0,0.8837811974238119,,2026-10-04T00:53:40
kv-secondary_b-h2o-1005,1005,h2o,kv_structured,1,1024.0,0.9676870336904306,,2026-10-04T00:53:40
kv-secondary_b-h2o-1006,1006,h2o,kv_structured,1,1024.0,0.5875664415134705,,2026-10-04T00:53:40
kv-secondary_b-h2o-1007,1007,h2o,kv_structured,1,1024.0,0.7656712869270679,,2026-10-04T00:53:40
kv-secondary_b-h2o-1008,1008,h2o,kv_structured,1,1024.0,0.6275412888472724,,2026-10-04T00:53:40
kv-secondary_b-h2o-1009,1009,h2o,kv_structured,1,1024.0,0.9411356279016206,,2026-10-04T00:53:40
kv-secondary_b-h2o-1010,1010,h2o,kv_structured,1,1024.0,1.0157173233860777,,2026-10-04T00:53:40
kv-secondary_b-h2o-1011,1011,h2o,kv_structured,1,1024.0,0.6295960655148096,,2026-10-04T00:53:40
kv-secondary_b-h2o-1012,1012,h2o,kv_structured,1,1024.0,0.8233166898473734,,2026-10-04T00:53:40
kv-secondary_b-h2o-1013,1013,h2o,kv_structured,1,1024.0,0.9407989095296434,,2026-10-04T00:53:40
kv-secondary_b-h2o-1014,1014,h2o,kv_structured,1,1024.0,0.576108103194917,,2026-10-04T00:53:40
kv-secondary_b-h2o-1015,1015,h2o,kv_structured,1,1024.0,0.6600499402105752,,2026-10-04T00:53:40
kv-secondary_b-h2o-1016,1016,h2o,kv_structured,1,1024.0,1.0030397895920096,,2026-10-04T00:53:40
kv-secondary_b-h2o-1017,1017,h2o,kv_structured,1,1024.0,1.0426243902359795,,2026-10-04T00:53:40
kv-secondary_b-h2o-1018,1018,h2o,kv_structured,1,1024.0,0.8770866240091214,,2026-10-04T00:53:40
kv-secondary_b-h2o-1019,1019,h2o,kv_structured,1,1024.0,0.8165092646984786,,2026-10-04T00:53:40
kv-secondary_b-random-1000,1000,random,kv_structured,1,1024.0,1.1353819400329686,,2026-10-04T00:53:40
kv-secondary_b-random-1001,1001,random,kv_structured,1,1024.0,1.0708365315985198,,2026-10-04T00:53:40
kv-secondary_b-random-1002,1002,random,kv_structured,1,1024.0,1.2210855557747613,,2026-10-04T00:53:40
kv-secondary_b-random-1003,1003,random,kv_structured,1,1024.0,1.1910855897343544,,2026-10-04T00:53:40
kv-secondary_b-random-1004,1004,random,kv_structured,1,1024.0,1.1483095782744002,,2026-10-04T00:53:40
kv-secondary_b-random-1005,1005,random,kv_structured,1,1024.0,1.2651285339032492,,2026-10-04T00:53:40
kv-secondary_b-random-1006,1006,random,kv_structured,1,1024.0,1.059839963188007,,2026-10-04T00:53:40
kv-secondary_b-random-1007,1007,random,kv_structured,1,1024.0,1.0876656693008304,,2026-10-04T00:53:40
kv-secondary_b-random-1008,1008,random,kv_structured,1,1024.0,1.120575518983324,,2026-10-04T00:53:40
kv-secondary_b-random-1009,1009,random,kv_structured,1,1024.0,1.2805245368772584,,2026-10-04T00:53:40
kv-secondary_b-random-1010,1010,random,kv_structured,1,1024.0,1.2081852737392564,,2026-10-04T00:53:40
kv-secondary_b-random-1011,1011,random,kv_structured,1,1024.0,1.1568547307634465,,2026-10-04T00:53:40
kv-secondary_b-random-1012,1012,random,kv_structured,1,1024.0,1.189118162902699,,2026-10-04T00:53:40
kv-secondary_b-random-1013,1013,random,kv_structured,1,1024.0,1.1705992951841875,,2026-10-04T00:53:40
kv-secondary_b-random-1014,1014,random,kv_structured,1,1024.0,1.2265784887328348,,2026-10-04T00:53:40
kv-secondary_b-random-1015,1015,random,kv_structured,1,1024.0,1.0722081068507587,,2026-10-04T00:53:40
kv-secondary_b-random-1016,1016,random,kv_structured,1,1024.0,1.5380684579735602,,2026-10-04T00:53:40
kv-secondary_b-random-1017,1017,random,kv_structured,1,1024.0,1.4144194731655095,,2026-10-04T00:53:40
kv-secondary_b-random-1018,1018,random,kv_structured,1,1024.0,1.3104122142876062,,2026-10-04T00:53:40
kv-secondary_b-random-1019,1019,random,kv_structured,1,1024.0,1.1542819730160914,,2026-10-04T00:53:40
kv-secondary_c-oracle-1000,1000,oracle,kv_structured,1,1024.0,0.08203397067035383,,2026-10-04T00:53:40
kv-secondary_c-oracle-1001,1001,oracle,kv_structured,1,1024.0,0.07021857947534585,,2026-10-04T00:53:40
kv-secondary_c-oracle-1002,1002,oracle,kv_structured,1,1024.0,0.10531708158027672,,2026-10-04T00:53:40
kv-secondary_c-oracle-1003,1003,oracle,kv_structured,1,1024.0,0.12303996533182539,,2026-10-04T00:53:40
kv-secondary_c-oracle-1004,1004,oracle,kv_structured,1,1024.0,0.13319847935277057,,2026-10-04T00:53:40
kv-secondary_c-oracle-1005,1005,oracle,kv_structured,1,1024.0,0.13114382836582375,,2026-10-04T00:53:40
kv-secondary_c-oracle-1006,1006,oracle,kv_structured,1,1024.0,0.08316896093618423,,2026-10-04T00:53:40
kv-secondary_c-oracle-1007,1007,oracle,kv_structured,1,1024.0,0.0712246283176523,,2026-10-04T00:53:40
kv-secondary_c-oracle-1008,1008,oracle,kv_structured,1,1024.0,0.06956980134897028,,2026-10-04T00:53:40
kv-secondary_c-oracle-1009,1009,oracle,kv_structured,1,1024.0,0.1732050698301738,,2026-10-04T00:53:40
kv-secondary_c-oracle-1010,1010,oracle,kv_structured,1,1024.0,0.13698214834552502,,2026-10-04T00:53:40
kv-secondary_c-oracle-1011,1011,oracle,kv_structured,1,1024.0,0.09317253251200133,,2026-10-04T00:53:40
kv-secondary_c-oracle-1012,1012,oracle,kv_structured,1,1024.0,0.17412165231246568,,2026-10-04T00:53:40
kv-secondary_c-oracle-1013,1013,oracle,kv_structured,1,1024.0,0.15041508960290143,,2026-10-04T00:53:40
kv-secondary_c-oracle-1014,1014,oracle,kv_structured,1,1024.0,0.10860334595267768,,2026-10-04T00:53:40
kv-secondary_c-oracle-1015,1015,oracle,kv_structured,1,1024.0,0.10980558190562181,,2026-10-04T00:53:40
kv-secondary_c-oracle-1016,1016,oracle,kv_structured,1,1024.0,0.18040058607833095,,2026-10-04T00:53:40
kv-secondary_c-oracle-1017,1017,oracle,kv_structured,1,1024.0,0.13760852594508005,,2026-10-04T00:53:40
kv-secondary_c-oracle-1018,1018,oracle,kv_structured,1,1024.0,0.12671758743631792,,2026-10-04T00:53:40
kv-secondary_c-oracle-1019,1019,oracle,kv_structured,1,1024.0,0.1861457683638379,,2026-10-04T00:53:40
kv-secondary_c-h2o-1000,1000,h2o,kv_structured,1,1024.0,0.5922074896767519,,2026-10-04T00:53:40
kv-secondary_c-h2o-1001,1001,h2o,kv_structured,1,1024.0,0.6028191170225995,,2026-10-04T00:53:40
kv-secondary_c-h2o-1002,1002,h2o,kv_structured,1,1024.0,0.7988374947741965,,2026-10-04T00:53:40
kv-secondary_c-h2o-1003,1003,h2o,kv_structured,1,1024.0,0.6524254443177078,,2026-10-04T00:53:40
kv-secondary_c-h2o-1004,1004,h2o,kv_structured,1,1024.0,0.8837811974238119,,2026-10-04T00:53:40
kv-secondary_c-h2o-1005,1005,h2o,kv_structured,1,1024.0,0.9676870336904306,,2026-10-04T00:53:40
kv-secondary_c-h2o-1006,1006,h2o,kv_structured,1,1024.0,0.5875664415134705,,2026-10-04T00:53:40
kv-secondary_c-h2o-1007,1007,h2o,kv_structured,1,1024.0,0.7656712869270679,,2026-10-04T00:53:40
kv-secondary_c-h2o-1008,1008,h2o,kv_structured,1,1024.0,0.6275412888472724,,2026-10-04T00:53:40
kv-secondary_c-h2o-1009,1009,h2o,kv_structured,1,1024.0,0.9411356279016206,,2026-10-04T00:53:40
kv-secondary_c-h2o-1010,1010,h2o,kv_structured,1,1024.0,1.0157173233860777,,2026-10-04T00:53:40
kv-secondary_c-h2o-1011,1011,h2o,kv_structured,1,1024.0,0.6295960655148096,,2026-10-04T00:53:40
kv-secondary_c-h2o-1012,1012,h2o,kv_structured,1,1024.0,0.8233166898473734,,2026-10-04T00:53:40
kv-secondary_c-h2o-1013,1013,h2o,kv_structured,1,1024.0,0.9407989095296434,,2026-10-04T00:53:40
kv-secondary_c-h2o-1014,1014,h2o,kv_structured,1,1024.0,0.576108103194917,,2026-10-04T00:53:40
kv-secondary_c-h2o-1015,1015,h2o,kv_structured,1,1024.0,0.6600499402105752,,2026-10-04T00:53:40
kv-secondary_c-h2o-1016,1016,h2o,kv_structured,1,1024.0,1.0030397895920096,,2026-10-04T00:53:40
kv-secondary_c-h2o-1017,1017,h2o,kv_structured,1,1024.0,1.0426243902359795,,2026-10-04T00:53:40
kv-secondary_c-h2o-1018,1018,h2o,kv_structured,1,1024.0,0.8770866240091214,,2026-10-04T00:53:40
kv-secondary_c-h2o-1019,1019,h2o,kv_structured,1,1024.0,0.8165092646984786,,2026-10-04T00:53:40
kv-negctl_recent-recent-1000,1000,recent,kv_negctl,1,1024.0,1.5929855597651372,,2026-10-04T00:53:40
kv-negctl_recent-recent-1001,1001,recent,kv_negctl,1,1024.0,1.6120067106211402,,2026-10-04T00:53:40
kv-negctl_recent-recent-1002,1002,recent,kv_negctl,1,1024.0,1.84786186912068,,2026-10-04T00:53:40
kv-negctl_recent-recent-1003,1003,recent,kv_negctl,1,1024.0,1.7440728986138632,,2026-10-04T00:53:40
kv-negctl_recent-recent-1004,1004,recent,kv_negctl,1,1024.0,1.8008393121496529,,2026-10-04T00:53:40
kv-negctl_recent-recent-1005,1005,recent,kv_negctl,1,1024.0,1.8676346410889584,,2026-10-04T00:53:40
kv-negctl_recent-recent-1006,1006,recent,kv_negctl,1,1024.0,1.76007467634619,,2026-10-04T00:53:40
kv-negctl_recent-recent-1007,1007,recent,kv_negctl,1,1024.0,1.6879775520256515,,2026-10-04T00:53:40
kv-negctl_recent-recent-1008,1008,recent,kv_negctl,1,1024.0,1.809129404168451,,2026-10-04T00:53:40
kv-negctl_recent-recent-1009,1009,recent,kv_negctl,1,1024.0,1.8031492768655217,,2026-10-04T00:53:40
kv-negctl_recent-recent-1010,1010,recent,kv_negctl,1,1024.0,1.6845960837737792,,2026-10-04T00:53:40
kv-negctl_recent-recent-1011,1011,recent,kv_negctl,1,1024.0,1.6144589552051718,,2026-10-04T00:53:40
kv-negctl_recent-recent-1012,1012,recent,kv_negctl,1,1024.0,1.7104123717770332,,2026-10-04T00:53:40
kv-negctl_recent-recent-1013,1013,recent,kv_negctl,1,1024.0,1.8465858438866714,,2026-10-04T00:53:40
kv-negctl_recent-recent-1014,1014,recent,kv_negctl,1,1024.0,1.6575368576761642,,2026-10-04T00:53:40
kv-negctl_recent-recent-1015,1015,recent,kv_negctl,1,1024.0,1.6936435765654472,,2026-10-04T00:53:40
kv-negctl_recent-recent-1016,1016,recent,kv_negctl,1,1024.0,1.7909245045055648,,2026-10-04T00:53:40
kv-negctl_recent-recent-1017,1017,recent,kv_negctl,1,1024.0,1.6537836227568885,,2026-10-04T00:53:40
kv-negctl_recent-recent-1018,1018,recent,kv_negctl,1,1024.0,1.776797576706202,,2026-10-04T00:53:40
kv-negctl_recent-recent-1019,1019,recent,kv_negctl,1,1024.0,1.80273381252956,,2026-10-04T00:53:40
kv-negctl_recent-random-1000,1000,random,kv_negctl,1,1024.0,1.6852499088936368,,2026-10-04T00:53:40
kv-negctl_recent-random-1001,1001,random,kv_negctl,1,1024.0,1.64155213749584,,2026-10-04T00:53:40
kv-negctl_recent-random-1002,1002,random,kv_negctl,1,1024.0,1.7909830719115454,,2026-10-04T00:53:40
kv-negctl_recent-random-1003,1003,random,kv_negctl,1,1024.0,1.7586898790673327,,2026-10-04T00:53:40
kv-negctl_recent-random-1004,1004,random,kv_negctl,1,1024.0,1.70118973499988,,2026-10-04T00:53:40
kv-negctl_recent-random-1005,1005,random,kv_negctl,1,1024.0,1.7897898546674909,,2026-10-04T00:53:40
kv-negctl_recent-random-1006,1006,random,kv_negctl,1,1024.0,1.6448908186317488,,2026-10-04T00:53:40
kv-negctl_recent-random-1007,1007,random,kv_negctl,1,1024.0,1.802684821209787,,2026-10-04T00:53:40
kv-negctl_recent-random-1008,1008,random,kv_negctl,1,1024.0,1.865606219851316,,2026-10-04T00:53:40
kv-negctl_recent-random-1009,1009,random,kv_negctl,1,1024.0,1.8348917035812407,,2026-10-04T00:53:40
kv-negctl_recent-random-1010,1010,random,kv_negctl,1,1024.0,1.8296826448587171,,2026-10-04T00:53:40
kv-negctl_recent-random-1011,1011,random,kv_negctl,1,1024.0,1.5607514673547649,,2026-10-04T00:53:40
kv-negctl_recent-random-1012,1012,random,kv_negctl,1,1024.0,1.7886047661240334,,2026-10-04T00:53:40
kv-negctl_recent-random-1013,1013,random,kv_negctl,1,1024.0,1.7187682518757261,,2026-10-04T00:53:40
kv-negctl_recent-random-1014,1014,random,kv_negctl,1,1024.0,1.615220078890764,,2026-10-04T00:53:40
kv-negctl_recent-random-1015,1015,random,kv_negctl,1,1024.0,1.7663592621748354,,2026-10-04T00:53:40
kv-negctl_recent-random-1016,1016,random,kv_negctl,1,1024.0,1.707332232601377,,2026-10-04T00:53:40
kv-negctl_recent-random-1017,1017,random,kv_negctl,1,1024.0,1.764858436851132,,2026-10-04T00:53:40
kv-negctl_recent-random-1018,1018,random,kv_negctl,1,1024.0,1.7944549103242284,,2026-10-04T00:53:40
kv-negctl_recent-random-1019,1019,random,kv_negctl,1,1024.0,1.6560697688356192,,2026-10-04T00:53:40
kv-negctl_sink_recent-sink_recent-1000,1000,sink_recent,kv_negctl,1,1024.0,1.6215274328163771,,2026-10-04T00:53:40
kv-negctl_sink_recent-sink_recent-1001,1001,sink_recent,kv_negctl,1,1024.0,1.6069140523572516,,2026-10-04T00:53:40
kv-negctl_sink_recent-sink_recent-1002,1002,sink_recent,kv_negctl,1,1024.0,1.8613612526592238,,2026-10-04T00:53:40
kv-negctl_sink_recent-sink_recent-1003,1003,sink_recent,kv_negctl,1,1024.0,1.7701600735546192,,2026-10-04T00:53:40
kv-negctl_sink_recent-sink_recent-1004,1004,sink_recent,kv_negctl,1,1024.0,1.8075801578233568,,2026-10-04T00:53:40
kv-negctl_sink_recent-sink_recent-1005,1005,sink_recent,kv_negctl,1,1024.0,1.8407496085753858,,2026-10-04T00:53:40
kv-negctl_sink_recent-sink_recent-1006,1006,sink_recent,kv_negctl,1,1024.0,1.7479629344887861,,2026-10-04T00:53:40
kv-negctl_sink_recent-sink_recent-1007,1007,sink_recent,kv_negctl,1,1024.0,1.6973261832490545,,2026-10-04T00:53:40
kv-negctl_sink_recent-sink_recent-1008,1008,sink_recent,kv_negctl,1,1024.0,1.8148535056733528,,2026-10-04T00:53:40
kv-negctl_sink_recent-sink_recent-1009,1009,sink_recent,kv_negctl,1,1024.0,1.7876016895755202,,2026-10-04T00:53:40
kv-negctl_sink_recent-sink_recent-1010,1010,sink_recent,kv_negctl,1,1024.0,1.6820367385999113,,2026-10-04T00:53:40
kv-negctl_sink_recent-sink_recent-1011,1011,sink_recent,kv_negctl,1,1024.0,1.6736335103340294,,2026-10-04T00:53:40
kv-negctl_sink_recent-sink_recent-1012,1012,sink_recent,kv_negctl,1,1024.0,1.7287235295291994,,2026-10-04T00:53:40
kv-negctl_sink_recent-sink_recent-1013,1013,sink_recent,kv_negctl,1,1024.0,1.8280783726839298,,2026-10-04T00:53:40
kv-negctl_sink_recent-sink_recent-1014,1014,sink_recent,kv_negctl,1,1024.0,1.6472530542919834,,2026-10-04T00:53:40
kv-negctl_sink_recent-sink_recent-1015,1015,sink_recent,kv_negctl,1,1024.0,1.6957512948501097,,2026-10-04T00:53:40
kv-negctl_sink_recent-sink_recent-1016,1016,sink_recent,kv_negctl,1,1024.0,1.8113828640953087,,2026-10-04T00:53:40
kv-negctl_sink_recent-sink_recent-1017,1017,sink_recent,kv_negctl,1,1024.0,1.6512654426226485,,2026-10-04T00:53:40
kv-negctl_sink_recent-sink_recent-1018,1018,sink_recent,kv_negctl,1,1024.0,1.7591493195255228,,2026-10-04T00:53:40
kv-negctl_sink_recent-sink_recent-1019,1019,sink_recent,kv_negctl,1,1024.0,1.8111857561917069,,2026-10-04T00:53:40
kv-negctl_sink_recent-random-1000,1000,random,kv_negctl,1,1024.0,1.6852499088936368,,2026-10-04T00:53:40
kv-negctl_sink_recent-random-1001,1001,random,kv_negctl,1,1024.0,1.64155213749584,,2026-10-04T00:53:40
kv-negctl_sink_recent-random-1002,1002,random,kv_negctl,1,1024.0,1.7909830719115454,,2026-10-04T00:53:40
kv-negctl_sink_recent-random-1003,1003,random,kv_negctl,1,1024.0,1.7586898790673327,,2026-10-04T00:53:40
kv-negctl_sink_recent-random-1004,1004,random,kv_negctl,1,1024.0,1.70118973499988,,2026-10-04T00:53:40
kv-negctl_sink_recent-random-1005,1005,random,kv_negctl,1,1024.0,1.7897898546674909,,2026-10-04T00:53:40
kv-negctl_sink_recent-random-1006,1006,random,kv_negctl,1,1024.0,1.6448908186317488,,2026-10-04T00:53:40
kv-negctl_sink_recent-random-1007,1007,random,kv_negctl,1,1024.0,1.802684821209787,,2026-10-04T00:53:40
kv-negctl_sink_recent-random-1008,1008,random,kv_negctl,1,1024.0,1.865606219851316,,2026-10-04T00:53:40
kv-negctl_sink_recent-random-1009,1009,random,kv_negctl,1,1024.0,1.8348917035812407,,2026-10-04T00:53:40
kv-negctl_sink_recent-random-1010,1010,random,kv_negctl,1,1024.0,1.8296826448587171,,2026-10-04T00:53:40
kv-negctl_sink_recent-random-1011,1011,random,kv_negctl,1,1024.0,1.5607514673547649,,2026-10-04T00:53:40
kv-negctl_sink_recent-random-1012,1012,random,kv_negctl,1,1024.0,1.7886047661240334,,2026-10-04T00:53:40
kv-negctl_sink_recent-random-1013,1013,random,kv_negctl,1,1024.0,1.7187682518757261,,2026-10-04T00:53:40
kv-negctl_sink_recent-random-1014,1014,random,kv_negctl,1,1024.0,1.615220078890764,,2026-10-04T00:53:40
kv-negctl_sink_recent-random-1015,1015,random,kv_negctl,1,1024.0,1.7663592621748354,,2026-10-04T00:53:40
kv-negctl_sink_recent-random-1016,1016,random,kv_negctl,1,1024.0,1.707332232601377,,2026-10-04T00:53:40
kv-negctl_sink_recent-random-1017,1017,random,kv_negctl,1,1024.0,1.764858436851132,,2026-10-04T00:53:40
kv-negctl_sink_recent-random-1018,1018,random,kv_negctl,1,1024.0,1.7944549103242284,,2026-10-04T00:53:40
kv-negctl_sink_recent-random-1019,1019,random,kv_negctl,1,1024.0,1.6560697688356192,,2026-10-04T00:53:40
kv-negctl_h2o-h2o-1000,1000,h2o,kv_negctl,1,1024.0,1.4924812360945914,,2026-10-04T00:53:40
kv-negctl_h2o-h2o-1001,1001,h2o,kv_negctl,1,1024.0,1.5634488926731303,,2026-10-04T00:53:40
kv-negctl_h2o-h2o-1002,1002,h2o,kv_negctl,1,1024.0,1.7038274063031897,,2026-10-04T00:53:40
kv-negctl_h2o-h2o-1003,1003,h2o,kv_negctl,1,1024.0,1.7168166056357428,,2026-10-04T00:53:40
kv-negctl_h2o-h2o-1004,1004,h2o,kv_negctl,1,1024.0,1.4904621551038075,,2026-10-04T00:53:40
kv-negctl_h2o-h2o-1005,1005,h2o,kv_negctl,1,1024.0,1.628449311948907,,2026-10-04T00:53:40
kv-negctl_h2o-h2o-1006,1006,h2o,kv_negctl,1,1024.0,1.5859692089310649,,2026-10-04T00:53:40
kv-negctl_h2o-h2o-1007,1007,h2o,kv_negctl,1,1024.0,1.6514473779228365,,2026-10-04T00:53:40
kv-negctl_h2o-h2o-1008,1008,h2o,kv_negctl,1,1024.0,1.646127867858946,,2026-10-04T00:53:40
kv-negctl_h2o-h2o-1009,1009,h2o,kv_negctl,1,1024.0,1.6468937856801635,,2026-10-04T00:53:40
kv-negctl_h2o-h2o-1010,1010,h2o,kv_negctl,1,1024.0,1.5855826541700437,,2026-10-04T00:53:40
kv-negctl_h2o-h2o-1011,1011,h2o,kv_negctl,1,1024.0,1.4950591273906093,,2026-10-04T00:53:40
kv-negctl_h2o-h2o-1012,1012,h2o,kv_negctl,1,1024.0,1.6704596830128988,,2026-10-04T00:53:40
kv-negctl_h2o-h2o-1013,1013,h2o,kv_negctl,1,1024.0,1.7489104554358854,,2026-10-04T00:53:40
kv-negctl_h2o-h2o-1014,1014,h2o,kv_negctl,1,1024.0,1.5548100608297415,,2026-10-04T00:53:40
kv-negctl_h2o-h2o-1015,1015,h2o,kv_negctl,1,1024.0,1.8114278993500152,,2026-10-04T00:53:40
kv-negctl_h2o-h2o-1016,1016,h2o,kv_negctl,1,1024.0,1.537523961414957,,2026-10-04T00:53:40
kv-negctl_h2o-h2o-1017,1017,h2o,kv_negctl,1,1024.0,1.7422407243293467,,2026-10-04T00:53:40
kv-negctl_h2o-h2o-1018,1018,h2o,kv_negctl,1,1024.0,1.8070497599934237,,2026-10-04T00:53:40
kv-negctl_h2o-h2o-1019,1019,h2o,kv_negctl,1,1024.0,1.3949530900365295,,2026-10-04T00:53:40
kv-negctl_h2o-random-1000,1000,random,kv_negctl,1,1024.0,1.6852499088936368,,2026-10-04T00:53:40
kv-negctl_h2o-random-1001,1001,random,kv_negctl,1,1024.0,1.64155213749584,,2026-10-04T00:53:40
kv-negctl_h2o-random-1002,1002,random,kv_negctl,1,1024.0,1.7909830719115454,,2026-10-04T00:53:40
kv-negctl_h2o-random-1003,1003,random,kv_negctl,1,1024.0,1.7586898790673327,,2026-10-04T00:53:40
kv-negctl_h2o-random-1004,1004,random,kv_negctl,1,1024.0,1.70118973499988,,2026-10-04T00:53:40
kv-negctl_h2o-random-1005,1005,random,kv_negctl,1,1024.0,1.7897898546674909,,2026-10-04T00:53:40
kv-negctl_h2o-random-1006,1006,random,kv_negctl,1,1024.0,1.6448908186317488,,2026-10-04T00:53:40
kv-negctl_h2o-random-1007,1007,random,kv_negctl,1,1024.0,1.802684821209787,,2026-10-04T00:53:40
kv-negctl_h2o-random-1008,1008,random,kv_negctl,1,1024.0,1.865606219851316,,2026-10-04T00:53:40
kv-negctl_h2o-random-1009,1009,random,kv_negctl,1,1024.0,1.8348917035812407,,2026-10-04T00:53:40
kv-negctl_h2o-random-1010,1010,random,kv_negctl,1,1024.0,1.8296826448587171,,2026-10-04T00:53:40
kv-negctl_h2o-random-1011,1011,random,kv_negctl,1,1024.0,1.5607514673547649,,2026-10-04T00:53:40
kv-negctl_h2o-random-1012,1012,random,kv_negctl,1,1024.0,1.7886047661240334,,2026-10-04T00:53:40
kv-negctl_h2o-random-1013,1013,random,kv_negctl,1,1024.0,1.7187682518757261,,2026-10-04T00:53:40
kv-negctl_h2o-random-1014,1014,random,kv_negctl,1,1024.0,1.615220078890764,,2026-10-04T00:53:40
kv-negctl_h2o-random-1015,1015,random,kv_negctl,1,1024.0,1.7663592621748354,,2026-10-04T00:53:40
kv-negctl_h2o-random-1016,1016,random,kv_negctl,1,1024.0,1.707332232601377,,2026-10-04T00:53:40
kv-negctl_h2o-random-1017,1017,random,kv_negctl,1,1024.0,1.764858436851132,,2026-10-04T00:53:40
kv-negctl_h2o-random-1018,1018,random,kv_negctl,1,1024.0,1.7944549103242284,,2026-10-04T00:53:40
kv-negctl_h2o-random-1019,1019,random,kv_negctl,1,1024.0,1.6560697688356192,,2026-10-04T00:53:40
t1-1000-standard,1000,standard,theory_mc,1,4.0,0.6730524016359928,,2026-10-04T00:53:40
t1-1000-rrs_iid,1000,rrs_iid,theory_mc,1,4.0,0.6501441589760372,,2026-10-04T00:53:40
t1-1000-rrs_wor,1000,rrs_wor,theory_mc,1,4.0,-0.6576109431284868,,2026-10-04T00:53:40
t1-1001-standard,1001,standard,theory_mc,1,4.0,0.023601295337704407,,2026-10-04T00:53:40
t1-1001-rrs_iid,1001,rrs_iid,theory_mc,1,4.0,0.5322178591220635,,2026-10-04T00:53:40
t1-1001-rrs_wor,1001,rrs_wor,theory_mc,1,4.0,0.5403183225004483,,2026-10-04T00:53:40
t1-1002-standard,1002,standard,theory_mc,1,4.0,1.8538221557647205,,2026-10-04T00:53:40
t1-1002-rrs_iid,1002,rrs_iid,theory_mc,1,4.0,2.3717600824858076,,2026-10-04T00:53:40
t1-1002-rrs_wor,1002,rrs_wor,theory_mc,1,4.0,0.6663510827511905,,2026-10-04T00:53:40
t1-1003-standard,1003,standard,theory_mc,1,4.0,0.3577711339952858,,2026-10-04T00:53:40
t1-1003-rrs_iid,1003,rrs_iid,theory_mc,1,4.0,-0.45549919521335397,,2026-10-04T00:53:40
t1-1003-rrs_wor,1003,rrs_wor,theory_mc,1,4.0,-0.10675785571505812,,2026-10-04T00:53:40
t1-1004-standard,1004,standard,theory_mc,1,4.0,0.9090992867566883,,2026-10-04T00:53:40
t1-1004-rrs_iid,1004,rrs_iid,theory_mc,1,4.0,-0.08991331607564206,,2026-10-04T00:53:40
t1-1004-rrs_wor,1004,rrs_wor,theory_mc,1,4.0,-0.9805970076039582,,2026-10-04T00:53:40
t1-1005-standard,1005,standard,theory_mc,1,4.0,0.20372586508880808,,2026-10-04T00:53:40
t1-1005-rrs_iid,1005,rrs_iid,theory_mc,1,4.0,1.1170270828919218,,2026-10-04T00:53:40
t1-1005-rrs_wor,1005,rrs_wor,theory_mc,1,4.0,-0.5215178667571918,,2026-10-04T00:53:40
t1-1006-standard,1006,standard,theory_mc,1,4.0,-1.645757175228566,,2026-10-04T00:53:40
t1-1006-rrs_iid,1006,rrs_iid,theory_mc,1,4.0,0.0,,2026-10-04T00:53:40
t1-1006-rrs_wor,1006,rrs_wor,theory_mc,1,4.0,-0.1342920609563961,,2026-10-04T00:53:40
t1-1007-standard,1007,standard,theory_mc,1,4.0,0.446285578163526,,2026-10-04T00:53:40
t1-1007-rrs_iid,1007,rrs_iid,theory_mc,1,4.0,0.488499121363176,,2026-10-04T00:53:40
t1-1007-rrs_wor,1007,rrs_wor,theory_mc,1,4.0,0.7065820757189684,,2026-10-04T00:53:40
t1-1008-standard,1008,standard,theory_mc,1,4.0,-0.3103629898569613,,2026-10-04T00:53:40
t1-1008-rrs_iid,1008,rrs_iid,theory_mc,1,4.0,-1.0155253358292688,,2026-10-04T00:53:40
t1-1008-rrs_wor,1008,rrs_wor,theory_mc,1,4.0,-0.2302585579782591,,2026-10-04T00:53:40
t1-1009-standard,1009,standard,theory_mc,1,4.0,-0.956223754039721,,2026-10-04T00:53:40
t1-1009-rrs_iid,1009,rrs_iid,theory_mc,1,4.0,-2.3117729145921078,,2026-10-04T00:53:40
t1-1009-rrs_wor,1009,rrs_wor,theory_mc,1,4.0,-1.4116477189214276,,2026-10-04T00:53:40
t1-1010-standard,1010,standard,theory_mc,1,4.0,1.4473540679035524,,2026-10-04T00:53:40
t1-1010-rrs_iid,1010,rrs_iid,theory_mc,1,4.0,0.11430127217458474,,2026-10-04T00:53:40
t1-1010-rrs_wor,1010,rrs_wor,theory_mc,1,4.0,-0.2938640460244795,,2026-10-04T00:53:40
t1-1011-standard,1011,standard,theory_mc,1,4.0,1.9964659154049889,,2026-10-04T00:53:40
t1-1011-rrs_iid,1011,rrs_iid,theory_mc,1,4.0,1.3407066285505504,,2026-10-04T00:53:40
t1-1011-rrs_wor,1011,rrs_wor,theory_mc,1,4.0,1.3447290411161978,,2026-10-04T00:53:40
t1-1012-standard,1012,standard,theory_mc,1,4.0,-0.7947083836008245,,2026-10-04T00:53:40
t1-1012-rrs_iid,1012,rrs_iid,theory_mc,1,4.0,-0.8286822185446597,,2026-10-04T00:53:40
t1-1012-rrs_wor,1012,rrs_wor,theory_mc,1,4.0,-0.532519469628069,,2026-10-04T00:53:40
t1-1013-standard,1013,standard,theory_mc,1,4.0,-0.8759681162578199,,2026-10-04T00:53:40
t1-1013-rrs_iid,1013,rrs_iid,theory_mc,1,4.0,0.25071962964605016,,2026-10-04T00:53:40
t1-1013-rrs_wor,1013,rrs_wor,theory_mc,1,4.0,0.3135596295546927,,2026-10-04T00:53:40
t1-1014-standard,1014,standard,theory_mc,1,4.0,0.5060064979252968,,2026-10-04T00:53:40
t1-1014-rrs_iid,1014,rrs_iid,theory_mc,1,4.0,0.466520832394957,,2026-10-04T00:53:40
t1-1014-rrs_wor,1014,rrs_wor,theory_mc,1,4.0,-0.5279161074042438,,2026-10-04T00:53:40
t1-1015-standard,1015,standard,theory_mc,1,4.0,0.027448134680975032,,2026-10-04T00:53:40
t1-1015-rrs_iid,1015,rrs_iid,theory_mc,1,4.0,-0.5140223204040227,,2026-10-04T00:53:40
t1-1015-rrs_wor,1015,rrs_wor,theory_mc,1,4.0,0.5960663179367236,,2026-10-04T00:53:40
t1-1016-standard,1016,standard,theory_mc,1,4.0,0.9496528489667717,,2026-10-04T00:53:40
t1-1016-rrs_iid,1016,rrs_iid,theory_mc,1,4.0,0.4863807336720219,,2026-10-04T00:53:40
t1-1016-rrs_wor,1016,rrs_wor,theory_mc,1,4.0,0.02938324598703745,,2026-10-04T00:53:40
t1-1017-standard,1017,standard,theory_mc,1,4.0,-1.4185784342497112,,2026-10-04T00:53:40
t1-1017-rrs_iid,1017,rrs_iid,theory_mc,1,4.0,-1.0047396862425113,,2026-10-04T00:53:40
t1-1017-rrs_wor,1017,rrs_wor,theory_mc,1,4.0,-1.1171053859057294,,2026-10-04T00:53:40
t1-1018-standard,1018,standard,theory_mc,1,4.0,-0.6557267551669875,,2026-10-04T00:53:40
t1-1018-rrs_iid,1018,rrs_iid,theory_mc,1,4.0,0.42653582952161817,,2026-10-04T00:53:40
t1-1018-rrs_wor,1018,rrs_wor,theory_mc,1,4.0,0.4289603616262991,,2026-10-04T00:53:40
t1-1019-standard,1019,standard,theory_mc,1,4.0,-1.785444311824463,,2026-10-04T00:53:40
t1-1019-rrs_iid,1019,rrs_iid,theory_mc,1,4.0,-0.3044256252010144,,2026-10-04T00:53:40
t1-1019-rrs_wor,1019,rrs_wor,theory_mc,1,4.0,-1.2761066880709977,,2026-10-04T00:53:40
hae2-search,20000-24999,exact,multidraft_search,1,5000.0,0.0,,2026-10-04T00:53:40
