status	title_similarity	quote_verbatim	source	id	claimed_title	found_title
VERIFIED	1.00	True	export-api	arXiv:1906.06755	Theoretical Limitations of Self-Attention in Neural Sequence Models	Theoretical Limitations of Self-Attention in Neural Sequence Models
VERIFIED	1.00	True	export-api	arXiv:2106.16213	Saturated Transformers are Constant-Depth Threshold Circuits	Saturated Transformers are Constant-Depth Threshold Circuits
VERIFIED	1.00	True	export-api	arXiv:2204.06618	Formal Language Recognition by Hard Attention Transformers: Perspectives from Circuit Complexity	Formal Language Recognition by Hard Attention Transformers: Perspectives from Circuit Complexity
VERIFIED	1.00	True	export-api	arXiv:2207.00729	The Parallelism Tradeoff: Limitations of Log-Precision Transformers	The Parallelism Tradeoff: Limitations of Log-Precision Transformers
VERIFIED	1.00	True	export-api	arXiv:2301.10743	Tighter Bounds on the Expressivity of Transformer Encoders	Tighter Bounds on the Expressivity of Transformer Encoders
VERIFIED	1.00	True	export-api	arXiv:2310.03817	Logical Languages Accepted by Transformer Encoders with Hard Attention	Logical Languages Accepted by Transformer Encoders with Hard Attention
VERIFIED	1.00	True	export-api	arXiv:2210.10749	Transformers Learn Shortcuts to Automata	Transformers Learn Shortcuts to Automata
VERIFIED	1.00	True	export-api	arXiv:2207.02098	Neural Networks and the Chomsky Hierarchy	Neural Networks and the Chomsky Hierarchy
VERIFIED	1.00	True	export-api	arXiv:2311.00208	What Formal Languages Can Transformers Express? A Survey	What Formal Languages Can Transformers Express? A Survey
VERIFIED	1.00	True	export-api	arXiv:2305.15408	Towards Revealing the Mystery behind Chain of Thought: A Theoretical Perspective	Towards Revealing the Mystery behind Chain of Thought: A Theoretical Perspective
VERIFIED	1.00	True	export-api	arXiv:2310.07923	The Expressive Power of Transformers with Chain of Thought	The Expressive Power of Transformers with Chain of Thought
VERIFIED	1.00	True	export-api	arXiv:2402.12875	Chain of Thought Empowers Transformers to Solve Inherently Serial Problems	Chain of Thought Empowers Transformers to Solve Inherently Serial Problems
VERIFIED-ID (quote UNVERIFIED)	1.00	False	export-api	arXiv:2503.03961	A Little Depth Goes a Long Way: The Expressive Power of Log-Depth Transformers	A Little Depth Goes a Long Way: The Expressive Power of Log-Depth Transformers
VERIFIED	1.00	True	export-api	arXiv:2505.18948	Exact Expressive Power of Transformers with Padding	Exact Expressive Power of Transformers with Padding
VERIFIED	1.00	True	export-api	arXiv:2404.08819	The Illusion of State in State-Space Models	The Illusion of State in State-Space Models
VERIFIED	1.00	True	export-api	arXiv:2405.17394	The Expressive Capacity of State Space Models: A Formal Language Perspective	The Expressive Capacity of State Space Models: A Formal Language Perspective
VERIFIED	1.00	True	export-api	arXiv:2411.12537	Unlocking State-Tracking in Linear RNNs Through Negative Eigenvalues	Unlocking State-Tracking in Linear RNNs Through Negative Eigenvalues
VERIFIED	1.00	True	export-api	arXiv:2502.10297	DeltaProduct: Improving State-Tracking in Linear RNNs via Householder Products	DeltaProduct: Improving State-Tracking in Linear RNNs via Householder Products
VERIFIED	1.00	True	export-api	arXiv:2503.14456	RWKV-7 "Goose" with Expressive Dynamic State Evolution	RWKV-7 "Goose" with Expressive Dynamic State Evolution
VERIFIED	1.00	True	export-api	arXiv:2406.06484	Parallelizing Linear Transformers with the Delta Rule over Sequence Length	Parallelizing Linear Transformers with the Delta Rule over Sequence Length
VERIFIED	1.00	True	export-api	arXiv:2412.06464	Gated Delta Networks: Improving Mamba2 with Delta Rule	Gated Delta Networks: Improving Mamba2 with Delta Rule
VERIFIED	1.00	True	export-api	arXiv:2303.06349	Resurrecting Recurrent Neural Networks for Long Sequences	Resurrecting Recurrent Neural Networks for Long Sequences
VERIFIED	1.00	True	export-api	arXiv:2312.00752	Mamba: Linear-Time Sequence Modeling with Selective State Spaces	Mamba: Linear-Time Sequence Modeling with Selective State Spaces
VERIFIED	1.00	True	export-api	arXiv:2405.21060	Transformers are SSMs: Generalized Models and Efficient Algorithms Through Structured State Space Duality	Transformers are SSMs: Generalized Models and Efficient Algorithms Through Structured State Space Duality
VERIFIED	1.00	True	export-api	arXiv:2402.19047	Theoretical Foundations of Deep Selective State-Space Models	Theoretical Foundations of Deep Selective State-Space Models
VERIFIED	1.00	True	export-api	arXiv:2412.19350	On the Expressiveness and Length Generalization of Selective State-Space Models on Regular Languages	On the Expressiveness and Length Generalization of Selective State-Space Models on Regular Languages
VERIFIED	1.00	True	export-api	arXiv:2502.07827	Implicit Language Models are RNNs: Balancing Parallelization and Expressivity	Implicit Language Models are RNNs: Balancing Parallelization and Expressivity
VERIFIED	1.00	True	export-api	arXiv:2503.10799	Fixed-Point RNNs: Interpolating from Diagonal to Dense	Fixed-Point RNNs: Interpolating from Diagonal to Dense
VERIFIED	1.00	True	export-api	arXiv:2505.16381	PaTH Attention: Position Encoding via Accumulating Householder Transformations	PaTH Attention: Position Encoding via Accumulating Householder Transformations
VERIFIED	1.00	True	export-api	arXiv:2505.17761	Structured Linear CDEs: Maximally Expressive and Parallel-in-Time Sequence Models	Structured Linear CDEs: Maximally Expressive and Parallel-in-Time Sequence Models
VERIFIED	1.00	True	export-api	arXiv:2509.22284	Structured Sparse Transition Matrices to Enable State Tracking in State-Space Models	Structured Sparse Transition Matrices to Enable State Tracking in State-Space Models
VERIFIED	1.00	True	export-api	arXiv:2507.05238	Bridging Expressivity and Scalability with Adaptive Unitary SSMs	Bridging Expressivity and Scalability with Adaptive Unitary SSMs
VERIFIED	1.00	True	export-api	arXiv:2508.07395	Parity Requires Unified Input Dependence and Negative Eigenvalues in SSMs	Parity Requires Unified Input Dependence and Negative Eigenvalues in SSMs
VERIFIED	1.00	True	abs-page	arXiv:2603.01959	The Expressive Limits of Diagonal SSMs for State-Tracking	The Expressive Limits of Diagonal SSMs for State-Tracking
VERIFIED	1.00	True	abs-page	arXiv:2603.15569	Mamba-3: Improved Sequence Modeling using State Space Principles	Mamba-3: Improved Sequence Modeling using State Space Principles
VERIFIED	1.00	True	abs-page	arXiv:2603.05573	Why Depth Matters in Parallelizable Sequence Models: A Lie Algebraic View	Why Depth Matters in Parallelizable Sequence Models: A Lie Algebraic View
VERIFIED	1.00	True	abs-page	arXiv:2606.01765	An Algebraic View of the Expressivity of Recurrent Language Models	An Algebraic View of the Expressivity of Recurrent Language Models
VERIFIED	1.00	True	abs-page	arXiv:2609.32447	Length-Independent State Tracking Under a Parallel Scan	Length-Independent State Tracking Under a Parallel Scan
VERIFIED	1.00	True	abs-page	arXiv:2605.07755	Rethinking State Tracking in Recurrent Models Through Error Control Dynamics	Rethinking State Tracking in Recurrent Models Through Error Control Dynamics
VERIFIED	1.00	True	abs-page	arXiv:2609.18966	The Automaton Underneath: The Additive Input Pathway Is a Parasitic Attractor for State Tracking in Householder Linear RNN	The Automaton Underneath: The Additive Input Pathway Is a Parasitic Attractor for State Tracking in Householder Linear RNN
VERIFIED	1.00	True	abs-page	arXiv:2609.28273	Non-Commutative State Tracking with Input-Dependent Low-Rank Updates in Mamba-3	Non-Commutative State Tracking with Input-Dependent Low-Rank Updates in Mamba-3
VERIFIED-ID (quote UNVERIFIED)	1.00	False	abs-page	arXiv:2609.12259	The Rank the Task Demands: A Causal Rank Law for Matrix Memories Trained on Group Composition	The Rank the Task Demands: A Causal Rank Law for Matrix Memories Trained on Group Composition
VERIFIED	1.00	True	abs-page	arXiv:2605.16640	Provably Shorter Scratchpads in Hybrid DeltaNet-Attention Decoders	Provably Shorter Scratchpads in Hybrid DeltaNet-Attention Decoders
VERIFIED	1.00	True	abs-page	arXiv:2602.14814	Learning State-Tracking from Code Using Linear RNNs	Learning State-Tracking from Code Using Linear RNNs
VERIFIED	1.00	True	abs-page	arXiv:2602.10743	Kalman Linear Attention: Parallel Bayesian Filtering For Efficient Language Modelling and State Tracking	Kalman Linear Attention: Parallel Bayesian Filtering For Efficient Language Modelling and State Tracking
VERIFIED	1.00	True	abs-page	arXiv:2503.02854	(How) Do Language Models Track State?	(How) Do Language Models Track State?
VERIFIED	1.00	True	abs-page	arXiv:2502.20129	Finite State Automata Inside Transformers with Chain-of-Thought: A Mechanistic Study on State Tracking	Finite State Automata Inside Transformers with Chain-of-Thought: A Mechanistic Study on State Tracking
VERIFIED	1.00	True	abs-page	arXiv:2009.11264	On the Ability and Limitations of Transformers to Recognize Formal Languages	On the Ability and Limitations of Transformers to Recognize Formal Languages
VERIFIED	1.00	True	abs-page	arXiv:2607.06155	When Does Tool Use Increase the Expressive Power of Finite-Precision Recurrent Models?	When Does Tool Use Increase the Expressive Power of Finite-Precision Recurrent Models?
VERIFIED	1.00	True	abs-page	arXiv:1805.04908	On the Practical Computational Power of Finite Precision RNNs for Language Recognition	On the Practical Computational Power of Finite Precision RNNs for Language Recognition
VERIFIED	1.00	True	abs-page	arXiv:1906.01615	Sequential Neural Networks as Automata	Sequential Neural Networks as Automata
VERIFIED	1.00	True	abs-page	arXiv:2004.08500	A Formal Hierarchy of RNN Architectures	A Formal Hierarchy of RNN Architectures
VERIFIED	1.00	True	abs-page	arXiv:1612.00188	Efficient Orthogonal Parametrisation of Recurrent Neural Networks Using Householder Reflections	Efficient Orthogonal Parametrisation of Recurrent Neural Networks Using Householder Reflections
VERIFIED	1.00	True	abs-page	arXiv:2505.21749	Revisiting Bi-Linear State Transitions in Recurrent Neural Networks	Revisiting Bi-Linear State Transitions in Recurrent Neural Networks
VERIFIED	1.00	True	abs-page	arXiv:2604.02201	On the Role of Depth in the Expressivity of RNNs	On the Role of Depth in the Expressivity of RNNs
VERIFIED	1.00	True	abs-page	arXiv:2602.18417	Subgroups of $U(d)$ Induce Natural RNN and Transformer Architectures	Subgroups of $U(d)$ Induce Natural RNN and Transformer Architectures
VERIFIED	1.00	True	abs-page	arXiv:2602.12021	Improved state mixing in higher-order and block diagonal linear recurrent networks	Improved state mixing in higher-order and block diagonal linear recurrent networks
VERIFIED-ID	1.00	None	crossref	doi:10.1016/0022-0000(89)90037-8	Bounded-width polynomial-size branching programs recognize exactly those languages in NC1	Bounded-width polynomial-size branching programs recognize exactly those languages in NC1
VERIFIED	0.99	True	crossref	doi:10.1145/48014.63138	Finite monoids and the fine structure of NC1	Finite monoids and the fine structure of <i>NC</i> <sup>1</sup>
VERIFIED-ID	1.00	None	crossref	doi:10.1016/0022-0000(92)90014-A	Regular languages in NC1	Regular languages in NC1
VERIFIED-ID	1.00	None	crossref	doi:10.1090/S0002-9947-1965-0188316-1	Algebraic theory of machines. I. Prime decomposition theorem for finite semigroups and machines	Algebraic theory of machines. I. Prime decomposition theorem for finite semigroups and machines
VERIFIED-ID	1.00	None	crossref	doi:10.1016/S0019-9958(65)90108-7	On finite monoids having only trivial subgroups	On finite monoids having only trivial subgroups
VERIFIED-ID	1.00	None	crossref	doi:10.1007/BF01744431	Parity, circuits, and the polynomial-time hierarchy	Parity, circuits, and the polynomial-time hierarchy
VERIFIED-ID	1.00	None	crossref	doi:10.1145/28395.28404	Algebraic methods in the theory of lower bounds for Boolean circuit complexity	Algebraic methods in the theory of lower bounds for Boolean circuit complexity
VERIFIED-ID	1.00	None	crossref	doi:10.1006/jcss.1995.1013	On the Computational Power of Neural Nets	On the Computational Power of Neural Nets
