Theoretical Limitations of Self-Attention in Neural Sequence Models	arXiv:1906.06755
Saturated Transformers are Constant-Depth Threshold Circuits	arXiv:2106.16213
Formal Language Recognition by Hard Attention Transformers: Perspectives from Circuit Complexity	arXiv:2204.06618
The Parallelism Tradeoff: Limitations of Log-Precision Transformers	arXiv:2207.00729
Tighter Bounds on the Expressivity of Transformer Encoders	arXiv:2301.10743
Logical Languages Accepted by Transformer Encoders with Hard Attention	arXiv:2310.03817
Transformers Learn Shortcuts to Automata	arXiv:2210.10749
Neural Networks and the Chomsky Hierarchy	arXiv:2207.02098
What Formal Languages Can Transformers Express? A Survey	arXiv:2311.00208
Towards Revealing the Mystery behind Chain of Thought: A Theoretical Perspective	arXiv:2305.15408
The Expressive Power of Transformers with Chain of Thought	arXiv:2310.07923
Chain of Thought Empowers Transformers to Solve Inherently Serial Problems	arXiv:2402.12875
A Little Depth Goes a Long Way: The Expressive Power of Log-Depth Transformers	arXiv:2503.03961
Exact Expressive Power of Transformers with Padding	arXiv:2505.18948
The Illusion of State in State-Space Models	arXiv:2404.08819
The Expressive Capacity of State Space Models: A Formal Language Perspective	arXiv:2405.17394
Unlocking State-Tracking in Linear RNNs Through Negative Eigenvalues	arXiv:2411.12537
DeltaProduct: Improving State-Tracking in Linear RNNs via Householder Products	arXiv:2502.10297
RWKV-7 "Goose" with Expressive Dynamic State Evolution	arXiv:2503.14456
Parallelizing Linear Transformers with the Delta Rule over Sequence Length	arXiv:2406.06484
Gated Delta Networks: Improving Mamba2 with Delta Rule	arXiv:2412.06464
Resurrecting Recurrent Neural Networks for Long Sequences	arXiv:2303.06349
Mamba: Linear-Time Sequence Modeling with Selective State Spaces	arXiv:2312.00752
Transformers are SSMs: Generalized Models and Efficient Algorithms Through Structured State Space Duality	arXiv:2405.21060
Theoretical Foundations of Deep Selective State-Space Models	arXiv:2402.19047
On the Expressiveness and Length Generalization of Selective State-Space Models on Regular Languages	arXiv:2412.19350
Implicit Language Models are RNNs: Balancing Parallelization and Expressivity	arXiv:2502.07827
Fixed-Point RNNs: Interpolating from Diagonal to Dense	arXiv:2503.10799
PaTH Attention: Position Encoding via Accumulating Householder Transformations	arXiv:2505.16381
Structured Linear CDEs: Maximally Expressive and Parallel-in-Time Sequence Models	arXiv:2505.17761
Structured Sparse Transition Matrices to Enable State Tracking in State-Space Models	arXiv:2509.22284
Bridging Expressivity and Scalability with Adaptive Unitary SSMs	arXiv:2507.05238
Parity Requires Unified Input Dependence and Negative Eigenvalues in SSMs	arXiv:2508.07395
The Expressive Limits of Diagonal SSMs for State-Tracking	arXiv:2603.01959
Mamba-3: Improved Sequence Modeling using State Space Principles	arXiv:2603.15569
Why Depth Matters in Parallelizable Sequence Models: A Lie Algebraic View	arXiv:2603.05573
An Algebraic View of the Expressivity of Recurrent Language Models	arXiv:2606.01765
Length-Independent State Tracking Under a Parallel Scan	arXiv:2609.32447
Rethinking State Tracking in Recurrent Models Through Error Control Dynamics	arXiv:2605.07755
The Automaton Underneath: The Additive Input Pathway Is a Parasitic Attractor for State Tracking in Householder Linear RNN	arXiv:2609.18966
Non-Commutative State Tracking with Input-Dependent Low-Rank Updates in Mamba-3	arXiv:2609.28273
The Rank the Task Demands: A Causal Rank Law for Matrix Memories Trained on Group Composition	arXiv:2609.12259
Provably Shorter Scratchpads in Hybrid DeltaNet-Attention Decoders	arXiv:2605.16640
Learning State-Tracking from Code Using Linear RNNs	arXiv:2602.14814
Kalman Linear Attention: Parallel Bayesian Filtering For Efficient Language Modelling and State Tracking	arXiv:2602.10743
(How) Do Language Models Track State?	arXiv:2503.02854
Finite State Automata Inside Transformers with Chain-of-Thought: A Mechanistic Study on State Tracking	arXiv:2502.20129
On the Ability and Limitations of Transformers to Recognize Formal Languages	arXiv:2009.11264
When Does Tool Use Increase the Expressive Power of Finite-Precision Recurrent Models?	arXiv:2607.06155
On the Practical Computational Power of Finite Precision RNNs for Language Recognition	arXiv:1805.04908
Sequential Neural Networks as Automata	arXiv:1906.01615
A Formal Hierarchy of RNN Architectures	arXiv:2004.08500
Efficient Orthogonal Parametrisation of Recurrent Neural Networks Using Householder Reflections	arXiv:1612.00188
Revisiting Bi-Linear State Transitions in Recurrent Neural Networks	arXiv:2505.21749
On the Role of Depth in the Expressivity of RNNs	arXiv:2604.02201
Subgroups of $U(d)$ Induce Natural RNN and Transformer Architectures	arXiv:2602.18417
Improved state mixing in higher-order and block diagonal linear recurrent networks	arXiv:2602.12021
Bounded-width polynomial-size branching programs recognize exactly those languages in NC1	doi:10.1016/0022-0000(89)90037-8
Finite monoids and the fine structure of NC1	doi:10.1145/48014.63138
Regular languages in NC1	doi:10.1016/0022-0000(92)90014-A
Algebraic theory of machines. I. Prime decomposition theorem for finite semigroups and machines	doi:10.1090/S0002-9947-1965-0188316-1
On finite monoids having only trivial subgroups	doi:10.1016/S0019-9958(65)90108-7
Parity, circuits, and the polynomial-time hierarchy	doi:10.1007/BF01744431
Algebraic methods in the theory of lower bounds for Boolean circuit complexity	doi:10.1145/28395.28404
On the Computational Power of Neural Nets	doi:10.1006/jcss.1995.1013
